timestamp,interest_name,rtt_ms,data_size,success,error_type,measured_mtu
1747659067263,/test/flood/bdf09c2fc6d5/1,4,0,0,,0
1747659067295,/test/flood/bdf09c2fc6d5/2,7,0,0,,0
1747659067327,/test/flood/bdf09c2fc6d5/3,4,0,0,,0
1747659067360,/test/flood/bdf09c2fc6d5/4,5,0,0,,0
1747659067391,/test/flood/bdf09c2fc6d5/5,6,0,0,,0
1747659067426,/test/flood/bdf09c2fc6d5/6,5,0,0,,0
1747659067465,/test/flood/bdf09c2fc6d5/7,5,0,0,,0
1747659067497,/test/flood/bdf09c2fc6d5/8,7,0,0,,0
1747659067532,/test/flood/bdf09c2fc6d5/9,5,0,0,,0
1747659067565,/test/flood/bdf09c2fc6d5/10,6,0,0,,0
1747659067598,/test/flood/bdf09c2fc6d5/11,5,0,0,,0
1747659067628,/test/flood/bdf09c2fc6d5/12,5,0,0,,0
1747659067662,/test/flood/bdf09c2fc6d5/13,5,0,0,,0
1747659067698,/test/flood/bdf09c2fc6d5/14,6,0,0,,0
1747659067728,/test/flood/bdf09c2fc6d5/15,4,0,0,,0
1747659067757,/test/flood/bdf09c2fc6d5/16,7,0,0,,0
1747659067791,/test/flood/bdf09c2fc6d5/17,5,0,0,,0
1747659067825,/test/flood/bdf09c2fc6d5/18,5,0,0,,0
1747659067860,/test/flood/bdf09c2fc6d5/19,5,0,0,,0
1747659067891,/test/flood/bdf09c2fc6d5/20,5,0,0,,0
1747659067921,/test/flood/bdf09c2fc6d5/21,4,0,0,,0
1747659067955,/test/flood/bdf09c2fc6d5/22,5,0,0,,0
1747659067994,/test/flood/bdf09c2fc6d5/23,5,0,0,,0
1747659068030,/test/flood/bdf09c2fc6d5/24,4,0,0,,0
1747659068065,/test/flood/bdf09c2fc6d5/25,4,0,0,,0
1747659068095,/test/flood/bdf09c2fc6d5/26,5,0,0,,0
1747659068129,/test/flood/bdf09c2fc6d5/27,7,0,0,,0
1747659068165,/test/flood/bdf09c2fc6d5/28,5,0,0,,0
1747659068202,/test/flood/bdf09c2fc6d5/29,5,0,0,,0
1747659068236,/test/flood/bdf09c2fc6d5/30,6,0,0,,0
1747659068273,/test/flood/bdf09c2fc6d5/31,5,0,0,,0
1747659068308,/test/flood/bdf09c2fc6d5/32,7,0,0,,0
1747659068346,/test/flood/bdf09c2fc6d5/33,5,0,0,,0
1747659068382,/test/flood/bdf09c2fc6d5/34,5,0,0,,0
1747659068416,/test/flood/bdf09c2fc6d5/35,5,0,0,,0
1747659068452,/test/flood/bdf09c2fc6d5/36,4,0,0,,0
1747659068482,/test/flood/bdf09c2fc6d5/37,5,0,0,,0
1747659068515,/test/flood/bdf09c2fc6d5/38,7,0,0,,0
1747659068551,/test/flood/bdf09c2fc6d5/39,6,0,0,,0
1747659068585,/test/flood/bdf09c2fc6d5/40,6,0,0,,0
1747659068622,/test/flood/bdf09c2fc6d5/41,5,0,0,,0
1747659068658,/test/flood/bdf09c2fc6d5/42,6,0,0,,0
1747659068691,/test/flood/bdf09c2fc6d5/43,7,0,0,,0
1747659068742,/test/flood/bdf09c2fc6d5/44,6,0,0,,0
1747659068787,/test/flood/bdf09c2fc6d5/45,7,0,0,,0
1747659068832,/test/flood/bdf09c2fc6d5/46,7,0,0,,0
1747659068871,/test/flood/bdf09c2fc6d5/47,4,0,0,,0
1747659068906,/test/flood/bdf09c2fc6d5/48,6,0,0,,0
1747659068953,/test/flood/bdf09c2fc6d5/49,9,0,0,,0
1747659068992,/test/flood/bdf09c2fc6d5/50,8,0,0,,0
1747659069042,/test/flood/bdf09c2fc6d5/51,6,0,0,,0
1747659069088,/test/flood/bdf09c2fc6d5/52,7,0,0,,0
1747659069128,/test/flood/bdf09c2fc6d5/53,5,0,0,,0
1747659069167,/test/flood/bdf09c2fc6d5/54,7,0,0,,0
1747659069205,/test/flood/bdf09c2fc6d5/55,12,0,0,,0
1747659069294,/test/flood/bdf09c2fc6d5/56,8,0,0,,0
1747659069344,/test/flood/bdf09c2fc6d5/57,7,0,0,,0
1747659069426,/test/flood/bdf09c2fc6d5/58,5,0,0,,0
1747659069481,/test/flood/bdf09c2fc6d5/59,5,0,0,,0
1747659069515,/test/flood/bdf09c2fc6d5/60,9,0,0,,0
1747659069554,/test/flood/bdf09c2fc6d5/61,6,0,0,,0
1747659069588,/test/flood/bdf09c2fc6d5/62,6,0,0,,0
1747659069625,/test/flood/bdf09c2fc6d5/63,5,0,0,,0
1747659069663,/test/flood/bdf09c2fc6d5/64,5,0,0,,0
1747659069699,/test/flood/bdf09c2fc6d5/65,5,0,0,,0
1747659069735,/test/flood/bdf09c2fc6d5/66,6,0,0,,0
1747659069770,/test/flood/bdf09c2fc6d5/67,5,0,0,,0
1747659069800,/test/flood/bdf09c2fc6d5/68,5,0,0,,0
1747659069835,/test/flood/bdf09c2fc6d5/69,4,0,0,,0
1747659069865,/test/flood/bdf09c2fc6d5/70,6,0,0,,0
1747659069897,/test/flood/bdf09c2fc6d5/71,6,0,0,,0
1747659069930,/test/flood/bdf09c2fc6d5/72,5,0,0,,0
1747659069960,/test/flood/bdf09c2fc6d5/73,6,0,0,,0
1747659069990,/test/flood/bdf09c2fc6d5/74,6,0,0,,0
1747659070020,/test/flood/bdf09c2fc6d5/75,7,0,0,,0
1747659070057,/test/flood/bdf09c2fc6d5/76,5,0,0,,0
1747659070087,/test/flood/bdf09c2fc6d5/77,5,0,0,,0
1747659070122,/test/flood/bdf09c2fc6d5/78,9,0,0,,0
1747659070158,/test/flood/bdf09c2fc6d5/79,6,0,0,,0
1747659070192,/test/flood/bdf09c2fc6d5/80,7,0,0,,0
1747659070231,/test/flood/bdf09c2fc6d5/81,5,0,0,,0
1747659070262,/test/flood/bdf09c2fc6d5/82,5,0,0,,0
1747659070295,/test/flood/bdf09c2fc6d5/83,5,0,0,,0
1747659070326,/test/flood/bdf09c2fc6d5/84,8,0,0,,0
1747659070359,/test/flood/bdf09c2fc6d5/85,6,0,0,,0
1747659070393,/test/flood/bdf09c2fc6d5/86,7,0,0,,0
1747659070429,/test/flood/bdf09c2fc6d5/87,5,0,0,,0
1747659070461,/test/flood/bdf09c2fc6d5/88,5,0,0,,0
1747659070494,/test/flood/bdf09c2fc6d5/89,6,0,0,,0
1747659070528,/test/flood/bdf09c2fc6d5/90,5,0,0,,0
1747659070563,/test/flood/bdf09c2fc6d5/91,6,0,0,,0
1747659070597,/test/flood/bdf09c2fc6d5/92,6,0,0,,0
1747659070632,/test/flood/bdf09c2fc6d5/93,6,0,0,,0
1747659070666,/test/flood/bdf09c2fc6d5/94,5,0,0,,0
1747659070696,/test/flood/bdf09c2fc6d5/95,6,0,0,,0
1747659070735,/test/flood/bdf09c2fc6d5/96,9,0,0,,0
1747659070774,/test/flood/bdf09c2fc6d5/97,7,0,0,,0
1747659070808,/test/flood/bdf09c2fc6d5/98,6,0,0,,0
1747659070840,/test/flood/bdf09c2fc6d5/99,5,0,0,,0
1747659070873,/test/flood/bdf09c2fc6d5/100,4,0,0,,0
1747659070905,/test/flood/bdf09c2fc6d5/101,7,0,0,,0
1747659070939,/test/flood/bdf09c2fc6d5/102,4,0,0,,0
1747659070973,/test/flood/bdf09c2fc6d5/103,6,0,0,,0
1747659071007,/test/flood/bdf09c2fc6d5/104,6,0,0,,0
1747659071042,/test/flood/bdf09c2fc6d5/105,6,0,0,,0
1747659071074,/test/flood/bdf09c2fc6d5/106,6,0,0,,0
1747659071107,/test/flood/bdf09c2fc6d5/107,5,0,0,,0
1747659071136,/test/flood/bdf09c2fc6d5/108,5,0,0,,0
1747659071168,/test/flood/bdf09c2fc6d5/109,6,0,0,,0
1747659071201,/test/flood/bdf09c2fc6d5/110,5,0,0,,0
1747659071233,/test/flood/bdf09c2fc6d5/111,5,0,0,,0
1747659071268,/test/flood/bdf09c2fc6d5/112,6,0,0,,0
1747659071298,/test/flood/bdf09c2fc6d5/113,4,0,0,,0
1747659071329,/test/flood/bdf09c2fc6d5/114,5,0,0,,0
1747659071361,/test/flood/bdf09c2fc6d5/115,7,0,0,,0
1747659071393,/test/flood/bdf09c2fc6d5/116,6,0,0,,0
1747659071430,/test/flood/bdf09c2fc6d5/117,5,0,0,,0
1747659071460,/test/flood/bdf09c2fc6d5/118,4,0,0,,0
1747659071495,/test/flood/bdf09c2fc6d5/119,7,0,0,,0
1747659071528,/test/flood/bdf09c2fc6d5/120,7,0,0,,0
1747659071565,/test/flood/bdf09c2fc6d5/121,6,0,0,,0
1747659071604,/test/flood/bdf09c2fc6d5/122,8,0,0,,0
1747659071643,/test/flood/bdf09c2fc6d5/123,5,0,0,,0
1747659071679,/test/flood/bdf09c2fc6d5/124,6,0,0,,0
1747659071712,/test/flood/bdf09c2fc6d5/125,4,0,0,,0
1747659071750,/test/flood/bdf09c2fc6d5/126,7,0,0,,0
1747659071782,/test/flood/bdf09c2fc6d5/127,7,0,0,,0
1747659071815,/test/flood/bdf09c2fc6d5/128,7,0,0,,0
1747659071848,/test/flood/bdf09c2fc6d5/129,6,0,0,,0
1747659071882,/test/flood/bdf09c2fc6d5/130,8,0,0,,0
1747659071924,/test/flood/bdf09c2fc6d5/131,5,0,0,,0
1747659071956,/test/flood/bdf09c2fc6d5/132,5,0,0,,0
1747659071987,/test/flood/bdf09c2fc6d5/133,5,0,0,,0
1747659072020,/test/flood/bdf09c2fc6d5/134,6,0,0,,0
1747659072056,/test/flood/bdf09c2fc6d5/135,6,0,0,,0
1747659072097,/test/flood/bdf09c2fc6d5/136,5,0,0,,0
1747659072130,/test/flood/bdf09c2fc6d5/137,6,0,0,,0
1747659072165,/test/flood/bdf09c2fc6d5/138,5,0,0,,0
1747659072199,/test/flood/bdf09c2fc6d5/139,7,0,0,,0
1747659072233,/test/flood/bdf09c2fc6d5/140,6,0,0,,0
1747659072264,/test/flood/bdf09c2fc6d5/141,6,0,0,,0
1747659072297,/test/flood/bdf09c2fc6d5/142,7,0,0,,0
1747659072329,/test/flood/bdf09c2fc6d5/143,7,0,0,,0
1747659072364,/test/flood/bdf09c2fc6d5/144,5,0,0,,0
1747659072398,/test/flood/bdf09c2fc6d5/145,5,0,0,,0
1747659072433,/test/flood/bdf09c2fc6d5/146,8,0,0,,0
1747659072469,/test/flood/bdf09c2fc6d5/147,6,0,0,,0
1747659072502,/test/flood/bdf09c2fc6d5/148,5,0,0,,0
1747659072530,/test/flood/bdf09c2fc6d5/149,5,0,0,,0
1747659072565,/test/flood/bdf09c2fc6d5/150,6,0,0,,0
1747659072598,/test/flood/bdf09c2fc6d5/151,5,0,0,,0
1747659072629,/test/flood/bdf09c2fc6d5/152,7,0,0,,0
1747659072666,/test/flood/bdf09c2fc6d5/153,6,0,0,,0
1747659072698,/test/flood/bdf09c2fc6d5/154,5,0,0,,0
1747659072741,/test/flood/bdf09c2fc6d5/155,5,0,0,,0
1747659072780,/test/flood/bdf09c2fc6d5/156,5,0,0,,0
1747659072818,/test/flood/bdf09c2fc6d5/157,5,0,0,,0
1747659072855,/test/flood/bdf09c2fc6d5/158,6,0,0,,0
1747659072886,/test/flood/bdf09c2fc6d5/159,7,0,0,,0
1747659072918,/test/flood/bdf09c2fc6d5/160,5,0,0,,0
1747659072954,/test/flood/bdf09c2fc6d5/161,6,0,0,,0
1747659072992,/test/flood/bdf09c2fc6d5/162,5,0,0,,0
1747659073025,/test/flood/bdf09c2fc6d5/163,6,0,0,,0
1747659073060,/test/flood/bdf09c2fc6d5/164,5,0,0,,0
1747659073094,/test/flood/bdf09c2fc6d5/165,5,0,0,,0
1747659073134,/test/flood/bdf09c2fc6d5/166,6,0,0,,0
1747659073167,/test/flood/bdf09c2fc6d5/167,7,0,0,,0
1747659073202,/test/flood/bdf09c2fc6d5/168,4,0,0,,0
1747659073235,/test/flood/bdf09c2fc6d5/169,5,0,0,,0
1747659073270,/test/flood/bdf09c2fc6d5/170,7,0,0,,0
1747659073305,/test/flood/bdf09c2fc6d5/171,7,0,0,,0
1747659073339,/test/flood/bdf09c2fc6d5/172,4,0,0,,0
1747659073371,/test/flood/bdf09c2fc6d5/173,5,0,0,,0
1747659073402,/test/flood/bdf09c2fc6d5/174,6,0,0,,0
1747659073436,/test/flood/bdf09c2fc6d5/175,5,0,0,,0
1747659073469,/test/flood/bdf09c2fc6d5/176,6,0,0,,0
1747659073502,/test/flood/bdf09c2fc6d5/177,38,0,0,,0
1747659073595,/test/flood/bdf09c2fc6d5/178,7,0,0,,0
1747659073636,/test/flood/bdf09c2fc6d5/179,5,0,0,,0
1747659073666,/test/flood/bdf09c2fc6d5/180,4,0,0,,0
1747659073699,/test/flood/bdf09c2fc6d5/181,6,0,0,,0
1747659073734,/test/flood/bdf09c2fc6d5/182,4,0,0,,0
1747659073769,/test/flood/bdf09c2fc6d5/183,8,0,0,,0
1747659073805,/test/flood/bdf09c2fc6d5/184,8,0,0,,0
1747659073841,/test/flood/bdf09c2fc6d5/185,6,0,0,,0
1747659073879,/test/flood/bdf09c2fc6d5/186,8,0,0,,0
1747659073919,/test/flood/bdf09c2fc6d5/187,7,0,0,,0
1747659073954,/test/flood/bdf09c2fc6d5/188,5,0,0,,0
1747659073987,/test/flood/bdf09c2fc6d5/189,5,0,0,,0
1747659074019,/test/flood/bdf09c2fc6d5/190,4,0,0,,0
1747659074053,/test/flood/bdf09c2fc6d5/191,6,0,0,,0
1747659074092,/test/flood/bdf09c2fc6d5/192,5,0,0,,0
1747659074124,/test/flood/bdf09c2fc6d5/193,10,0,0,,0
1747659074163,/test/flood/bdf09c2fc6d5/194,4,0,0,,0
1747659074192,/test/flood/bdf09c2fc6d5/195,6,0,0,,0
1747659074221,/test/flood/bdf09c2fc6d5/196,6,0,0,,0
1747659074257,/test/flood/bdf09c2fc6d5/197,7,0,0,,0
1747659074288,/test/flood/bdf09c2fc6d5/198,5,0,0,,0
1747659074327,/test/flood/bdf09c2fc6d5/199,4,0,0,,0
1747659074359,/test/flood/bdf09c2fc6d5/200,7,0,0,,0
1747659074394,/test/flood/bdf09c2fc6d5/201,6,0,0,,0
1747659074428,/test/flood/bdf09c2fc6d5/202,5,0,0,,0
1747659074462,/test/flood/bdf09c2fc6d5/203,7,0,0,,0
1747659074497,/test/flood/bdf09c2fc6d5/204,5,0,0,,0
1747659074531,/test/flood/bdf09c2fc6d5/205,6,0,0,,0
1747659074563,/test/flood/bdf09c2fc6d5/206,4,0,0,,0
1747659074601,/test/flood/bdf09c2fc6d5/207,9,0,0,,0
1747659074642,/test/flood/bdf09c2fc6d5/208,6,0,0,,0
1747659074676,/test/flood/bdf09c2fc6d5/209,5,0,0,,0
1747659074708,/test/flood/bdf09c2fc6d5/210,3,0,0,,0
1747659074736,/test/flood/bdf09c2fc6d5/211,7,0,0,,0
1747659074768,/test/flood/bdf09c2fc6d5/212,6,0,0,,0
1747659074804,/test/flood/bdf09c2fc6d5/213,5,0,0,,0
1747659074837,/test/flood/bdf09c2fc6d5/214,5,0,0,,0
1747659074869,/test/flood/bdf09c2fc6d5/215,5,0,0,,0
1747659074898,/test/flood/bdf09c2fc6d5/216,4,0,0,,0
1747659074930,/test/flood/bdf09c2fc6d5/217,5,0,0,,0
1747659074965,/test/flood/bdf09c2fc6d5/218,7,0,0,,0
1747659075004,/test/flood/bdf09c2fc6d5/219,6,0,0,,0
1747659075044,/test/flood/bdf09c2fc6d5/220,6,0,0,,0
1747659075077,/test/flood/bdf09c2fc6d5/221,4,0,0,,0
1747659075108,/test/flood/bdf09c2fc6d5/222,4,0,0,,0
1747659075144,/test/flood/bdf09c2fc6d5/223,5,0,0,,0
1747659075178,/test/flood/bdf09c2fc6d5/224,5,0,0,,0
1747659075214,/test/flood/bdf09c2fc6d5/225,5,0,0,,0
1747659075247,/test/flood/bdf09c2fc6d5/226,4,0,0,,0
1747659075281,/test/flood/bdf09c2fc6d5/227,5,0,0,,0
1747659075314,/test/flood/bdf09c2fc6d5/228,5,0,0,,0
1747659075347,/test/flood/bdf09c2fc6d5/229,8,0,0,,0
1747659075386,/test/flood/bdf09c2fc6d5/230,6,0,0,,0
1747659075421,/test/flood/bdf09c2fc6d5/231,5,0,0,,0
1747659075455,/test/flood/bdf09c2fc6d5/232,5,0,0,,0
1747659075485,/test/flood/bdf09c2fc6d5/233,5,0,0,,0
1747659075516,/test/flood/bdf09c2fc6d5/234,5,0,0,,0
1747659075550,/test/flood/bdf09c2fc6d5/235,4,0,0,,0
1747659075583,/test/flood/bdf09c2fc6d5/236,5,0,0,,0
1747659075618,/test/flood/bdf09c2fc6d5/237,6,0,0,,0
1747659075653,/test/flood/bdf09c2fc6d5/238,5,0,0,,0
1747659075686,/test/flood/bdf09c2fc6d5/239,5,0,0,,0
1747659075719,/test/flood/bdf09c2fc6d5/240,6,0,0,,0
1747659075753,/test/flood/bdf09c2fc6d5/241,7,0,0,,0
1747659075787,/test/flood/bdf09c2fc6d5/242,4,0,0,,0
1747659075822,/test/flood/bdf09c2fc6d5/243,5,0,0,,0
1747659075857,/test/flood/bdf09c2fc6d5/244,5,0,0,,0
1747659075890,/test/flood/bdf09c2fc6d5/245,6,0,0,,0
1747659075924,/test/flood/bdf09c2fc6d5/246,6,0,0,,0
1747659075958,/test/flood/bdf09c2fc6d5/247,9,0,0,,0
1747659075996,/test/flood/bdf09c2fc6d5/248,5,0,0,,0
1747659076032,/test/flood/bdf09c2fc6d5/249,6,0,0,,0
1747659076069,/test/flood/bdf09c2fc6d5/250,5,0,0,,0
1747659076102,/test/flood/bdf09c2fc6d5/251,7,0,0,,0
1747659076138,/test/flood/bdf09c2fc6d5/252,5,0,0,,0
1747659076170,/test/flood/bdf09c2fc6d5/253,6,0,0,,0
1747659076207,/test/flood/bdf09c2fc6d5/254,5,0,0,,0
1747659076239,/test/flood/bdf09c2fc6d5/255,6,0,0,,0
1747659076270,/test/flood/bdf09c2fc6d5/256,5,0,0,,0
1747659076300,/test/flood/bdf09c2fc6d5/257,5,0,0,,0
1747659076331,/test/flood/bdf09c2fc6d5/258,5,0,0,,0
1747659076361,/test/flood/bdf09c2fc6d5/259,4,0,0,,0
1747659076395,/test/flood/bdf09c2fc6d5/260,4,0,0,,0
1747659076430,/test/flood/bdf09c2fc6d5/261,5,0,0,,0
1747659076462,/test/flood/bdf09c2fc6d5/262,6,0,0,,0
1747659076499,/test/flood/bdf09c2fc6d5/263,6,0,0,,0
1747659076534,/test/flood/bdf09c2fc6d5/264,4,0,0,,0
1747659076568,/test/flood/bdf09c2fc6d5/265,5,0,0,,0
1747659076602,/test/flood/bdf09c2fc6d5/266,5,0,0,,0
1747659076636,/test/flood/bdf09c2fc6d5/267,5,0,0,,0
1747659076674,/test/flood/bdf09c2fc6d5/268,5,0,0,,0
1747659076707,/test/flood/bdf09c2fc6d5/269,7,0,0,,0
1747659076742,/test/flood/bdf09c2fc6d5/270,7,0,0,,0
1747659076773,/test/flood/bdf09c2fc6d5/271,4,0,0,,0
1747659076802,/test/flood/bdf09c2fc6d5/272,5,0,0,,0
1747659076833,/test/flood/bdf09c2fc6d5/273,4,0,0,,0
1747659076866,/test/flood/bdf09c2fc6d5/274,4,0,0,,0
1747659076900,/test/flood/bdf09c2fc6d5/275,6,0,0,,0
1747659076932,/test/flood/bdf09c2fc6d5/276,5,0,0,,0
1747659076963,/test/flood/bdf09c2fc6d5/277,4,0,0,,0
1747659076997,/test/flood/bdf09c2fc6d5/278,9,0,0,,0
1747659077034,/test/flood/bdf09c2fc6d5/279,6,0,0,,0
1747659077068,/test/flood/bdf09c2fc6d5/280,5,0,0,,0
1747659077097,/test/flood/bdf09c2fc6d5/281,4,0,0,,0
1747659077129,/test/flood/bdf09c2fc6d5/282,5,0,0,,0
1747659077173,/test/flood/bdf09c2fc6d5/283,6,0,0,,0
1747659077222,/test/flood/bdf09c2fc6d5/284,6,0,0,,0
1747659077260,/test/flood/bdf09c2fc6d5/285,5,0,0,,0
1747659077295,/test/flood/bdf09c2fc6d5/286,5,0,0,,0
1747659077329,/test/flood/bdf09c2fc6d5/287,5,0,0,,0
1747659077362,/test/flood/bdf09c2fc6d5/288,5,0,0,,0
1747659077401,/test/flood/bdf09c2fc6d5/289,8,0,0,,0
1747659077438,/test/flood/bdf09c2fc6d5/290,5,0,0,,0
1747659077473,/test/flood/bdf09c2fc6d5/291,4,0,0,,0
1747659077507,/test/flood/bdf09c2fc6d5/292,6,0,0,,0
1747659077539,/test/flood/bdf09c2fc6d5/293,5,0,0,,0
1747659077623,/test/flood/bdf09c2fc6d5/294,6,0,0,,0
1747659077688,/test/flood/bdf09c2fc6d5/295,8,0,0,,0
1747659077751,/test/flood/bdf09c2fc6d5/296,4,0,0,,0
1747659077779,/test/flood/bdf09c2fc6d5/297,7,0,0,,0
1747659077817,/test/flood/bdf09c2fc6d5/298,6,0,0,,0
1747659077852,/test/flood/bdf09c2fc6d5/299,5,0,0,,0
1747659077886,/test/flood/bdf09c2fc6d5/300,6,0,0,,0
1747659077922,/test/flood/bdf09c2fc6d5/301,4,0,0,,0
1747659077953,/test/flood/bdf09c2fc6d5/302,4,0,0,,0
1747659077983,/test/flood/bdf09c2fc6d5/303,5,0,0,,0
1747659078017,/test/flood/bdf09c2fc6d5/304,5,0,0,,0
1747659078050,/test/flood/bdf09c2fc6d5/305,6,0,0,,0
1747659078087,/test/flood/bdf09c2fc6d5/306,8,0,0,,0
1747659078122,/test/flood/bdf09c2fc6d5/307,6,0,0,,0
1747659078155,/test/flood/bdf09c2fc6d5/308,5,0,0,,0
1747659078193,/test/flood/bdf09c2fc6d5/309,6,0,0,,0
1747659078229,/test/flood/bdf09c2fc6d5/310,7,0,0,,0
1747659078270,/test/flood/bdf09c2fc6d5/311,9,0,0,,0
1747659078309,/test/flood/bdf09c2fc6d5/312,8,0,0,,0
1747659078379,/test/flood/bdf09c2fc6d5/313,11,0,0,,0
1747659078446,/test/flood/bdf09c2fc6d5/314,12,0,0,,0
1747659078499,/test/flood/bdf09c2fc6d5/315,6,0,0,,0
1747659078534,/test/flood/bdf09c2fc6d5/316,6,0,0,,0
1747659078586,/test/flood/bdf09c2fc6d5/317,7,0,0,,0
1747659078628,/test/flood/bdf09c2fc6d5/318,7,0,0,,0
1747659078668,/test/flood/bdf09c2fc6d5/319,6,0,0,,0
1747659078709,/test/flood/bdf09c2fc6d5/320,7,0,0,,0
1747659078744,/test/flood/bdf09c2fc6d5/321,5,0,0,,0
1747659078780,/test/flood/bdf09c2fc6d5/322,5,0,0,,0
1747659078815,/test/flood/bdf09c2fc6d5/323,5,0,0,,0
1747659078847,/test/flood/bdf09c2fc6d5/324,8,0,0,,0
1747659078882,/test/flood/bdf09c2fc6d5/325,8,0,0,,0
1747659078923,/test/flood/bdf09c2fc6d5/326,4,0,0,,0
1747659078960,/test/flood/bdf09c2fc6d5/327,6,0,0,,0
1747659078997,/test/flood/bdf09c2fc6d5/328,6,0,0,,0
1747659079030,/test/flood/bdf09c2fc6d5/329,6,0,0,,0
1747659079063,/test/flood/bdf09c2fc6d5/330,5,0,0,,0
1747659079094,/test/flood/bdf09c2fc6d5/331,10,0,0,,0
1747659079140,/test/flood/bdf09c2fc6d5/332,4,0,0,,0
1747659079183,/test/flood/bdf09c2fc6d5/333,13,0,0,,0
1747659079246,/test/flood/bdf09c2fc6d5/334,12,0,0,,0
1747659079308,/test/flood/bdf09c2fc6d5/335,8,0,0,,0
1747659079366,/test/flood/bdf09c2fc6d5/336,10,0,0,,0
1747659079414,/test/flood/bdf09c2fc6d5/337,7,0,0,,0
1747659079465,/test/flood/bdf09c2fc6d5/338,7,0,0,,0
1747659079506,/test/flood/bdf09c2fc6d5/339,5,0,0,,0
1747659079542,/test/flood/bdf09c2fc6d5/340,6,0,0,,0
1747659079582,/test/flood/bdf09c2fc6d5/341,7,0,0,,0
1747659079629,/test/flood/bdf09c2fc6d5/342,12,0,0,,0
1747659079689,/test/flood/bdf09c2fc6d5/343,17,0,0,,0
1747659079773,/test/flood/bdf09c2fc6d5/344,11,0,0,,0
1747659079826,/test/flood/bdf09c2fc6d5/345,6,0,0,,0
1747659079867,/test/flood/bdf09c2fc6d5/346,5,0,0,,0
1747659079896,/test/flood/bdf09c2fc6d5/347,5,0,0,,0
1747659079931,/test/flood/bdf09c2fc6d5/348,5,0,0,,0
1747659079968,/test/flood/bdf09c2fc6d5/349,5,0,0,,0
1747659080000,/test/flood/bdf09c2fc6d5/350,7,0,0,,0
1747659080037,/test/flood/bdf09c2fc6d5/351,4,0,0,,0
1747659080072,/test/flood/bdf09c2fc6d5/352,5,0,0,,0
1747659080104,/test/flood/bdf09c2fc6d5/353,5,0,0,,0
1747659080136,/test/flood/bdf09c2fc6d5/354,6,0,0,,0
1747659080169,/test/flood/bdf09c2fc6d5/355,4,0,0,,0
1747659080204,/test/flood/bdf09c2fc6d5/356,7,0,0,,0
1747659080239,/test/flood/bdf09c2fc6d5/357,6,0,0,,0
1747659080274,/test/flood/bdf09c2fc6d5/358,5,0,0,,0
1747659080307,/test/flood/bdf09c2fc6d5/359,7,0,0,,0
1747659080341,/test/flood/bdf09c2fc6d5/360,6,0,0,,0
1747659080376,/test/flood/bdf09c2fc6d5/361,10,0,0,,0
1747659080423,/test/flood/bdf09c2fc6d5/362,6,0,0,,0
1747659080457,/test/flood/bdf09c2fc6d5/363,4,0,0,,0
1747659080497,/test/flood/bdf09c2fc6d5/364,8,0,0,,0
1747659080543,/test/flood/bdf09c2fc6d5/365,9,0,0,,0
1747659080601,/test/flood/bdf09c2fc6d5/366,8,0,0,,0
1747659080646,/test/flood/bdf09c2fc6d5/367,6,0,0,,0
1747659080694,/test/flood/bdf09c2fc6d5/368,9,0,0,,0
1747659080741,/test/flood/bdf09c2fc6d5/369,14,0,0,,0
1747659080793,/test/flood/bdf09c2fc6d5/370,6,0,0,,0
1747659080835,/test/flood/bdf09c2fc6d5/371,7,0,0,,0
1747659080873,/test/flood/bdf09c2fc6d5/372,5,0,0,,0
1747659080906,/test/flood/bdf09c2fc6d5/373,7,0,0,,0
1747659080944,/test/flood/bdf09c2fc6d5/374,6,0,0,,0
1747659080977,/test/flood/bdf09c2fc6d5/375,5,0,0,,0
1747659081012,/test/flood/bdf09c2fc6d5/376,6,0,0,,0
1747659081046,/test/flood/bdf09c2fc6d5/377,8,0,0,,0
1747659081082,/test/flood/bdf09c2fc6d5/378,8,0,0,,0
1747659081116,/test/flood/bdf09c2fc6d5/379,12,0,0,,0
1747659081153,/test/flood/bdf09c2fc6d5/380,6,0,0,,0
1747659081185,/test/flood/bdf09c2fc6d5/381,5,0,0,,0
1747659081220,/test/flood/bdf09c2fc6d5/382,7,0,0,,0
1747659081255,/test/flood/bdf09c2fc6d5/383,4,0,0,,0
1747659081284,/test/flood/bdf09c2fc6d5/384,5,0,0,,0
1747659081313,/test/flood/bdf09c2fc6d5/385,5,0,0,,0
1747659081344,/test/flood/bdf09c2fc6d5/386,9,0,0,,0
1747659081375,/test/flood/bdf09c2fc6d5/387,9,0,0,,0
1747659081411,/test/flood/bdf09c2fc6d5/388,7,0,0,,0
1747659081448,/test/flood/bdf09c2fc6d5/389,9,0,0,,0
1747659081485,/test/flood/bdf09c2fc6d5/390,7,0,0,,0
1747659081521,/test/flood/bdf09c2fc6d5/391,8,0,0,,0
1747659081563,/test/flood/bdf09c2fc6d5/392,5,0,0,,0
1747659081594,/test/flood/bdf09c2fc6d5/393,5,0,0,,0
1747659081630,/test/flood/bdf09c2fc6d5/394,10,0,0,,0
1747659081677,/test/flood/bdf09c2fc6d5/395,6,0,0,,0
1747659081713,/test/flood/bdf09c2fc6d5/396,5,0,0,,0
1747659081752,/test/flood/bdf09c2fc6d5/397,5,0,0,,0
1747659081789,/test/flood/bdf09c2fc6d5/398,5,0,0,,0
1747659081826,/test/flood/bdf09c2fc6d5/399,8,0,0,,0
1747659081866,/test/flood/bdf09c2fc6d5/400,4,0,0,,0
1747659081899,/test/flood/bdf09c2fc6d5/401,6,0,0,,0
1747659081937,/test/flood/bdf09c2fc6d5/402,9,0,0,,0
1747659081972,/test/flood/bdf09c2fc6d5/403,8,0,0,,0
1747659082005,/test/flood/bdf09c2fc6d5/404,7,0,0,,0
1747659082043,/test/flood/bdf09c2fc6d5/405,6,0,0,,0
1747659082076,/test/flood/bdf09c2fc6d5/406,5,0,0,,0
1747659082107,/test/flood/bdf09c2fc6d5/407,4,0,0,,0
1747659082140,/test/flood/bdf09c2fc6d5/408,6,0,0,,0
1747659082179,/test/flood/bdf09c2fc6d5/409,5,0,0,,0
1747659082212,/test/flood/bdf09c2fc6d5/410,4,0,0,,0
1747659082254,/test/flood/bdf09c2fc6d5/411,4,0,0,,0
1747659082283,/test/flood/bdf09c2fc6d5/412,4,0,0,,0
1747659082312,/test/flood/bdf09c2fc6d5/413,5,0,0,,0
1747659082352,/test/flood/bdf09c2fc6d5/414,4,0,0,,0
1747659082383,/test/flood/bdf09c2fc6d5/415,6,0,0,,0
1747659082417,/test/flood/bdf09c2fc6d5/416,5,0,0,,0
1747659082453,/test/flood/bdf09c2fc6d5/417,6,0,0,,0
1747659082487,/test/flood/bdf09c2fc6d5/418,5,0,0,,0
1747659082518,/test/flood/bdf09c2fc6d5/419,6,0,0,,0
1747659082554,/test/flood/bdf09c2fc6d5/420,7,0,0,,0
1747659082591,/test/flood/bdf09c2fc6d5/421,7,0,0,,0
1747659082630,/test/flood/bdf09c2fc6d5/422,5,0,0,,0
1747659082670,/test/flood/bdf09c2fc6d5/423,6,0,0,,0
1747659082709,/test/flood/bdf09c2fc6d5/424,7,0,0,,0
1747659082745,/test/flood/bdf09c2fc6d5/425,6,0,0,,0
1747659082799,/test/flood/bdf09c2fc6d5/426,11,0,0,,0
1747659082865,/test/flood/bdf09c2fc6d5/427,4,0,0,,0
1747659082914,/test/flood/bdf09c2fc6d5/428,9,0,0,,0
1747659082969,/test/flood/bdf09c2fc6d5/429,5,0,0,,0
1747659083014,/test/flood/bdf09c2fc6d5/430,7,0,0,,0
1747659083072,/test/flood/bdf09c2fc6d5/431,6,0,0,,0
1747659083135,/test/flood/bdf09c2fc6d5/432,5,0,0,,0
1747659083186,/test/flood/bdf09c2fc6d5/433,9,0,0,,0
1747659083235,/test/flood/bdf09c2fc6d5/434,17,0,0,,0
1747659083290,/test/flood/bdf09c2fc6d5/435,6,0,0,,0
1747659083330,/test/flood/bdf09c2fc6d5/436,4,0,0,,0
1747659083362,/test/flood/bdf09c2fc6d5/437,5,0,0,,0
1747659083397,/test/flood/bdf09c2fc6d5/438,6,0,0,,0
1747659083429,/test/flood/bdf09c2fc6d5/439,5,0,0,,0
1747659083464,/test/flood/bdf09c2fc6d5/440,6,0,0,,0
1747659083498,/test/flood/bdf09c2fc6d5/441,5,0,0,,0
1747659083530,/test/flood/bdf09c2fc6d5/442,7,0,0,,0
1747659083565,/test/flood/bdf09c2fc6d5/443,5,0,0,,0
1747659083597,/test/flood/bdf09c2fc6d5/444,6,0,0,,0
1747659083635,/test/flood/bdf09c2fc6d5/445,8,0,0,,0
1747659083669,/test/flood/bdf09c2fc6d5/446,6,0,0,,0
1747659083703,/test/flood/bdf09c2fc6d5/447,6,0,0,,0
1747659083748,/test/flood/bdf09c2fc6d5/448,7,0,0,,0
1747659083783,/test/flood/bdf09c2fc6d5/449,8,0,0,,0
1747659083816,/test/flood/bdf09c2fc6d5/450,7,0,0,,0
1747659083856,/test/flood/bdf09c2fc6d5/451,5,0,0,,0
1747659083894,/test/flood/bdf09c2fc6d5/452,6,0,0,,0
1747659083934,/test/flood/bdf09c2fc6d5/453,6,0,0,,0
1747659083965,/test/flood/bdf09c2fc6d5/454,5,0,0,,0
1747659083997,/test/flood/bdf09c2fc6d5/455,5,0,0,,0
1747659084034,/test/flood/bdf09c2fc6d5/456,7,0,0,,0
1747659084067,/test/flood/bdf09c2fc6d5/457,7,0,0,,0
1747659084099,/test/flood/bdf09c2fc6d5/458,6,0,0,,0
1747659084128,/test/flood/bdf09c2fc6d5/459,7,0,0,,0
1747659084160,/test/flood/bdf09c2fc6d5/460,6,0,0,,0
1747659084195,/test/flood/bdf09c2fc6d5/461,5,0,0,,0
1747659084231,/test/flood/bdf09c2fc6d5/462,6,0,0,,0
1747659084264,/test/flood/bdf09c2fc6d5/463,5,0,0,,0
1747659084294,/test/flood/bdf09c2fc6d5/464,4,0,0,,0
1747659084325,/test/flood/bdf09c2fc6d5/465,5,0,0,,0
1747659084357,/test/flood/bdf09c2fc6d5/466,6,0,0,,0
1747659084394,/test/flood/bdf09c2fc6d5/467,5,0,0,,0
1747659084426,/test/flood/bdf09c2fc6d5/468,5,0,0,,0
1747659084458,/test/flood/bdf09c2fc6d5/469,5,0,0,,0
1747659084492,/test/flood/bdf09c2fc6d5/470,7,0,0,,0
1747659084526,/test/flood/bdf09c2fc6d5/471,4,0,0,,0
1747659084569,/test/flood/bdf09c2fc6d5/472,5,0,0,,0
1747659084601,/test/flood/bdf09c2fc6d5/473,5,0,0,,0
1747659084632,/test/flood/bdf09c2fc6d5/474,4,0,0,,0
1747659084665,/test/flood/bdf09c2fc6d5/475,5,0,0,,0
1747659084697,/test/flood/bdf09c2fc6d5/476,5,0,0,,0
1747659084730,/test/flood/bdf09c2fc6d5/477,6,0,0,,0
1747659084762,/test/flood/bdf09c2fc6d5/478,6,0,0,,0
1747659084795,/test/flood/bdf09c2fc6d5/479,9,0,0,,0
1747659084836,/test/flood/bdf09c2fc6d5/480,6,0,0,,0
1747659084875,/test/flood/bdf09c2fc6d5/481,5,0,0,,0
1747659084911,/test/flood/bdf09c2fc6d5/482,5,0,0,,0
1747659084950,/test/flood/bdf09c2fc6d5/483,5,0,0,,0
1747659084983,/test/flood/bdf09c2fc6d5/484,5,0,0,,0
1747659085015,/test/flood/bdf09c2fc6d5/485,5,0,0,,0
1747659085056,/test/flood/bdf09c2fc6d5/486,6,0,0,,0
1747659085089,/test/flood/bdf09c2fc6d5/487,6,0,0,,0
1747659085119,/test/flood/bdf09c2fc6d5/488,6,0,0,,0
1747659085152,/test/flood/bdf09c2fc6d5/489,5,0,0,,0
1747659085184,/test/flood/bdf09c2fc6d5/490,4,0,0,,0
1747659085217,/test/flood/bdf09c2fc6d5/491,7,0,0,,0
1747659085252,/test/flood/bdf09c2fc6d5/492,4,0,0,,0
1747659085281,/test/flood/bdf09c2fc6d5/493,5,0,0,,0
1747659085313,/test/flood/bdf09c2fc6d5/494,7,0,0,,0
1747659085351,/test/flood/bdf09c2fc6d5/495,7,0,0,,0
1747659085385,/test/flood/bdf09c2fc6d5/496,5,0,0,,0
1747659085418,/test/flood/bdf09c2fc6d5/497,6,0,0,,0
1747659085450,/test/flood/bdf09c2fc6d5/498,5,0,0,,0
1747659085484,/test/flood/bdf09c2fc6d5/499,5,0,0,,0
1747659085519,/test/flood/bdf09c2fc6d5/500,5,0,0,,0
1747659085558,/test/flood/bdf09c2fc6d5/501,4,0,0,,0
1747659085593,/test/flood/bdf09c2fc6d5/502,5,0,0,,0
1747659085626,/test/flood/bdf09c2fc6d5/503,4,0,0,,0
1747659085661,/test/flood/bdf09c2fc6d5/504,5,0,0,,0
1747659085691,/test/flood/bdf09c2fc6d5/505,6,0,0,,0
1747659085722,/test/flood/bdf09c2fc6d5/506,5,0,0,,0
1747659085759,/test/flood/bdf09c2fc6d5/507,6,0,0,,0
1747659085792,/test/flood/bdf09c2fc6d5/508,5,0,0,,0
1747659085825,/test/flood/bdf09c2fc6d5/509,4,0,0,,0
1747659085858,/test/flood/bdf09c2fc6d5/510,6,0,0,,0
1747659085892,/test/flood/bdf09c2fc6d5/511,5,0,0,,0
1747659085925,/test/flood/bdf09c2fc6d5/512,4,0,0,,0
1747659085957,/test/flood/bdf09c2fc6d5/513,5,0,0,,0
1747659085989,/test/flood/bdf09c2fc6d5/514,6,0,0,,0
1747659086026,/test/flood/bdf09c2fc6d5/515,7,0,0,,0
1747659086084,/test/flood/bdf09c2fc6d5/516,6,0,0,,0
1747659086126,/test/flood/bdf09c2fc6d5/517,8,0,0,,0
1747659086167,/test/flood/bdf09c2fc6d5/518,6,0,0,,0
1747659086203,/test/flood/bdf09c2fc6d5/519,7,0,0,,0
1747659086241,/test/flood/bdf09c2fc6d5/520,5,0,0,,0
1747659086277,/test/flood/bdf09c2fc6d5/521,4,0,0,,0
1747659086307,/test/flood/bdf09c2fc6d5/522,5,0,0,,0
1747659086341,/test/flood/bdf09c2fc6d5/523,4,0,0,,0
1747659086372,/test/flood/bdf09c2fc6d5/524,5,0,0,,0
1747659086402,/test/flood/bdf09c2fc6d5/525,4,0,0,,0
1747659086438,/test/flood/bdf09c2fc6d5/526,3,0,0,,0
1747659086464,/test/flood/bdf09c2fc6d5/527,4,0,0,,0
1747659086496,/test/flood/bdf09c2fc6d5/528,4,0,0,,0
1747659086529,/test/flood/bdf09c2fc6d5/529,7,0,0,,0
1747659086566,/test/flood/bdf09c2fc6d5/530,5,0,0,,0
1747659086596,/test/flood/bdf09c2fc6d5/531,9,0,0,,0
1747659086632,/test/flood/bdf09c2fc6d5/532,7,0,0,,0
1747659086669,/test/flood/bdf09c2fc6d5/533,6,0,0,,0
1747659086705,/test/flood/bdf09c2fc6d5/534,7,0,0,,0
1747659086740,/test/flood/bdf09c2fc6d5/535,7,0,0,,0
1747659086776,/test/flood/bdf09c2fc6d5/536,7,0,0,,0
1747659086812,/test/flood/bdf09c2fc6d5/537,5,0,0,,0
1747659086853,/test/flood/bdf09c2fc6d5/538,5,0,0,,0
1747659086893,/test/flood/bdf09c2fc6d5/539,5,0,0,,0
1747659086928,/test/flood/bdf09c2fc6d5/540,6,0,0,,0
1747659086964,/test/flood/bdf09c2fc6d5/541,5,0,0,,0
1747659086998,/test/flood/bdf09c2fc6d5/542,4,0,0,,0
1747659087032,/test/flood/bdf09c2fc6d5/543,10,0,0,,0
1747659087068,/test/flood/bdf09c2fc6d5/544,5,0,0,,0
1747659087102,/test/flood/bdf09c2fc6d5/545,6,0,0,,0
1747659087136,/test/flood/bdf09c2fc6d5/546,6,0,0,,0
1747659087172,/test/flood/bdf09c2fc6d5/547,6,0,0,,0
1747659087216,/test/flood/bdf09c2fc6d5/548,5,0,0,,0
1747659087252,/test/flood/bdf09c2fc6d5/549,5,0,0,,0
1747659087289,/test/flood/bdf09c2fc6d5/550,5,0,0,,0
1747659087318,/test/flood/bdf09c2fc6d5/551,6,0,0,,0
1747659087349,/test/flood/bdf09c2fc6d5/552,4,0,0,,0
1747659087379,/test/flood/bdf09c2fc6d5/553,6,0,0,,0
1747659087418,/test/flood/bdf09c2fc6d5/554,7,0,0,,0
1747659087452,/test/flood/bdf09c2fc6d5/555,5,0,0,,0
1747659087483,/test/flood/bdf09c2fc6d5/556,6,0,0,,0
1747659087514,/test/flood/bdf09c2fc6d5/557,7,0,0,,0
1747659087552,/test/flood/bdf09c2fc6d5/558,7,0,0,,0
1747659087587,/test/flood/bdf09c2fc6d5/559,4,0,0,,0
1747659087618,/test/flood/bdf09c2fc6d5/560,5,0,0,,0
1747659087649,/test/flood/bdf09c2fc6d5/561,6,0,0,,0
1747659087682,/test/flood/bdf09c2fc6d5/562,5,0,0,,0
1747659087714,/test/flood/bdf09c2fc6d5/563,5,0,0,,0
1747659087747,/test/flood/bdf09c2fc6d5/564,6,0,0,,0
1747659087780,/test/flood/bdf09c2fc6d5/565,7,0,0,,0
1747659087819,/test/flood/bdf09c2fc6d5/566,8,0,0,,0
1747659087857,/test/flood/bdf09c2fc6d5/567,6,0,0,,0
1747659087891,/test/flood/bdf09c2fc6d5/568,6,0,0,,0
1747659087924,/test/flood/bdf09c2fc6d5/569,6,0,0,,0
1747659087964,/test/flood/bdf09c2fc6d5/570,5,0,0,,0
1747659087997,/test/flood/bdf09c2fc6d5/571,6,0,0,,0
1747659088027,/test/flood/bdf09c2fc6d5/572,6,0,0,,0
1747659088065,/test/flood/bdf09c2fc6d5/573,4,0,0,,0
1747659088096,/test/flood/bdf09c2fc6d5/574,7,0,0,,0
1747659088133,/test/flood/bdf09c2fc6d5/575,5,0,0,,0
1747659088170,/test/flood/bdf09c2fc6d5/576,6,0,0,,0
1747659088202,/test/flood/bdf09c2fc6d5/577,6,0,0,,0
1747659088240,/test/flood/bdf09c2fc6d5/578,5,0,0,,0
1747659088281,/test/flood/bdf09c2fc6d5/579,6,0,0,,0
1747659088318,/test/flood/bdf09c2fc6d5/580,5,0,0,,0
1747659088352,/test/flood/bdf09c2fc6d5/581,6,0,0,,0
1747659088386,/test/flood/bdf09c2fc6d5/582,5,0,0,,0
1747659088421,/test/flood/bdf09c2fc6d5/583,7,0,0,,0
1747659088455,/test/flood/bdf09c2fc6d5/584,5,0,0,,0
1747659088486,/test/flood/bdf09c2fc6d5/585,5,0,0,,0
1747659088519,/test/flood/bdf09c2fc6d5/586,14,0,0,,0
1747659088565,/test/flood/bdf09c2fc6d5/587,6,0,0,,0
1747659088599,/test/flood/bdf09c2fc6d5/588,6,0,0,,0
1747659088635,/test/flood/bdf09c2fc6d5/589,5,0,0,,0
1747659088670,/test/flood/bdf09c2fc6d5/590,8,0,0,,0
1747659088707,/test/flood/bdf09c2fc6d5/591,5,0,0,,0
1747659088739,/test/flood/bdf09c2fc6d5/592,5,0,0,,0
1747659088775,/test/flood/bdf09c2fc6d5/593,5,0,0,,0
1747659088808,/test/flood/bdf09c2fc6d5/594,5,0,0,,0
1747659088840,/test/flood/bdf09c2fc6d5/595,4,0,0,,0
1747659088871,/test/flood/bdf09c2fc6d5/596,5,0,0,,0
1747659088903,/test/flood/bdf09c2fc6d5/597,4,0,0,,0
1747659088935,/test/flood/bdf09c2fc6d5/598,6,0,0,,0
1747659088971,/test/flood/bdf09c2fc6d5/599,6,0,0,,0
1747659089012,/test/flood/bdf09c2fc6d5/600,8,0,0,,0
1747659089063,/test/flood/bdf09c2fc6d5/601,7,0,0,,0
1747659089099,/test/flood/bdf09c2fc6d5/602,5,0,0,,0
1747659089132,/test/flood/bdf09c2fc6d5/603,6,0,0,,0
1747659089164,/test/flood/bdf09c2fc6d5/604,6,0,0,,0
1747659089196,/test/flood/bdf09c2fc6d5/605,7,0,0,,0
1747659089231,/test/flood/bdf09c2fc6d5/606,6,0,0,,0
1747659089263,/test/flood/bdf09c2fc6d5/607,5,0,0,,0
1747659089295,/test/flood/bdf09c2fc6d5/608,6,0,0,,0
1747659089332,/test/flood/bdf09c2fc6d5/609,6,0,0,,0
1747659089368,/test/flood/bdf09c2fc6d5/610,9,0,0,,0
1747659089420,/test/flood/bdf09c2fc6d5/611,7,0,0,,0
1747659089461,/test/flood/bdf09c2fc6d5/612,6,0,0,,0
1747659089495,/test/flood/bdf09c2fc6d5/613,5,0,0,,0
1747659089530,/test/flood/bdf09c2fc6d5/614,8,0,0,,0
1747659089567,/test/flood/bdf09c2fc6d5/615,5,0,0,,0
1747659089602,/test/flood/bdf09c2fc6d5/616,5,0,0,,0
1747659089639,/test/flood/bdf09c2fc6d5/617,5,0,0,,0
1747659089671,/test/flood/bdf09c2fc6d5/618,4,0,0,,0
1747659089703,/test/flood/bdf09c2fc6d5/619,6,0,0,,0
1747659089735,/test/flood/bdf09c2fc6d5/620,6,0,0,,0
1747659089764,/test/flood/bdf09c2fc6d5/621,4,0,0,,0
1747659089793,/test/flood/bdf09c2fc6d5/622,5,0,0,,0
1747659089826,/test/flood/bdf09c2fc6d5/623,5,0,0,,0
1747659089859,/test/flood/bdf09c2fc6d5/624,7,0,0,,0
1747659089898,/test/flood/bdf09c2fc6d5/625,6,0,0,,0
1747659089929,/test/flood/bdf09c2fc6d5/626,6,0,0,,0
1747659089965,/test/flood/bdf09c2fc6d5/627,6,0,0,,0
1747659089998,/test/flood/bdf09c2fc6d5/628,6,0,0,,0
1747659090031,/test/flood/bdf09c2fc6d5/629,13,0,0,,0
1747659090080,/test/flood/bdf09c2fc6d5/630,5,0,0,,0
1747659090113,/test/flood/bdf09c2fc6d5/631,5,0,0,,0
1747659090150,/test/flood/bdf09c2fc6d5/632,8,0,0,,0
1747659090185,/test/flood/bdf09c2fc6d5/633,5,0,0,,0
1747659090249,/test/flood/bdf09c2fc6d5/634,11,0,0,,0
1747659090296,/test/flood/bdf09c2fc6d5/635,7,0,0,,0
1747659090342,/test/flood/bdf09c2fc6d5/636,8,0,0,,0
1747659090378,/test/flood/bdf09c2fc6d5/637,10,0,0,,0
1747659090416,/test/flood/bdf09c2fc6d5/638,6,0,0,,0
1747659090452,/test/flood/bdf09c2fc6d5/639,7,0,0,,0
1747659090495,/test/flood/bdf09c2fc6d5/640,6,0,0,,0
1747659090534,/test/flood/bdf09c2fc6d5/641,5,0,0,,0
1747659090575,/test/flood/bdf09c2fc6d5/642,5,0,0,,0
1747659090611,/test/flood/bdf09c2fc6d5/643,7,0,0,,0
1747659090649,/test/flood/bdf09c2fc6d5/644,5,0,0,,0
1747659090684,/test/flood/bdf09c2fc6d5/645,4,0,0,,0
1747659090717,/test/flood/bdf09c2fc6d5/646,4,0,0,,0
1747659090748,/test/flood/bdf09c2fc6d5/647,6,0,0,,0
1747659090782,/test/flood/bdf09c2fc6d5/648,9,0,0,,0
1747659090818,/test/flood/bdf09c2fc6d5/649,7,0,0,,0
1747659090851,/test/flood/bdf09c2fc6d5/650,4,0,0,,0
1747659090882,/test/flood/bdf09c2fc6d5/651,5,0,0,,0
1747659090918,/test/flood/bdf09c2fc6d5/652,7,0,0,,0
1747659090953,/test/flood/bdf09c2fc6d5/653,7,0,0,,0
1747659090988,/test/flood/bdf09c2fc6d5/654,5,0,0,,0
1747659091022,/test/flood/bdf09c2fc6d5/655,11,0,0,,0
1747659091067,/test/flood/bdf09c2fc6d5/656,10,0,0,,0
1747659091104,/test/flood/bdf09c2fc6d5/657,8,0,0,,0
1747659091140,/test/flood/bdf09c2fc6d5/658,5,0,0,,0
1747659091176,/test/flood/bdf09c2fc6d5/659,5,0,0,,0
1747659091213,/test/flood/bdf09c2fc6d5/660,5,0,0,,0
1747659091251,/test/flood/bdf09c2fc6d5/661,6,0,0,,0
1747659091288,/test/flood/bdf09c2fc6d5/662,5,0,0,,0
1747659091320,/test/flood/bdf09c2fc6d5/663,5,0,0,,0
1747659091351,/test/flood/bdf09c2fc6d5/664,10,0,0,,0
1747659091387,/test/flood/bdf09c2fc6d5/665,5,0,0,,0
1747659091420,/test/flood/bdf09c2fc6d5/666,5,0,0,,0
1747659091451,/test/flood/bdf09c2fc6d5/667,7,0,0,,0
1747659091481,/test/flood/bdf09c2fc6d5/668,8,0,0,,0
1747659091516,/test/flood/bdf09c2fc6d5/669,5,0,0,,0
1747659091552,/test/flood/bdf09c2fc6d5/670,5,0,0,,0
1747659091586,/test/flood/bdf09c2fc6d5/671,6,0,0,,0
1747659091624,/test/flood/bdf09c2fc6d5/672,8,0,0,,0
1747659091662,/test/flood/bdf09c2fc6d5/673,6,0,0,,0
1747659091699,/test/flood/bdf09c2fc6d5/674,5,0,0,,0
1747659091737,/test/flood/bdf09c2fc6d5/675,9,0,0,,0
1747659091776,/test/flood/bdf09c2fc6d5/676,4,0,0,,0
1747659091809,/test/flood/bdf09c2fc6d5/677,5,0,0,,0
1747659091843,/test/flood/bdf09c2fc6d5/678,8,0,0,,0
1747659091881,/test/flood/bdf09c2fc6d5/679,6,0,0,,0
1747659091915,/test/flood/bdf09c2fc6d5/680,9,0,0,,0
1747659091987,/test/flood/bdf09c2fc6d5/681,6,0,0,,0
1747659092085,/test/flood/bdf09c2fc6d5/682,11,0,0,,0
1747659092130,/test/flood/bdf09c2fc6d5/683,8,0,0,,0
1747659092171,/test/flood/bdf09c2fc6d5/684,6,0,0,,0
1747659092205,/test/flood/bdf09c2fc6d5/685,6,0,0,,0
1747659092246,/test/flood/bdf09c2fc6d5/686,5,0,0,,0
1747659092282,/test/flood/bdf09c2fc6d5/687,4,0,0,,0
1747659092315,/test/flood/bdf09c2fc6d5/688,5,0,0,,0
1747659092351,/test/flood/bdf09c2fc6d5/689,4,0,0,,0
1747659092378,/test/flood/bdf09c2fc6d5/690,4,0,0,,0
1747659092416,/test/flood/bdf09c2fc6d5/691,7,0,0,,0
1747659092463,/test/flood/bdf09c2fc6d5/692,5,0,0,,0
1747659092495,/test/flood/bdf09c2fc6d5/693,6,0,0,,0
1747659092530,/test/flood/bdf09c2fc6d5/694,5,0,0,,0
1747659092568,/test/flood/bdf09c2fc6d5/695,5,0,0,,0
1747659092598,/test/flood/bdf09c2fc6d5/696,6,0,0,,0
1747659092630,/test/flood/bdf09c2fc6d5/697,9,0,0,,0
1747659092666,/test/flood/bdf09c2fc6d5/698,4,0,0,,0
1747659092698,/test/flood/bdf09c2fc6d5/699,4,0,0,,0
1747659092731,/test/flood/bdf09c2fc6d5/700,6,0,0,,0
1747659092767,/test/flood/bdf09c2fc6d5/701,6,0,0,,0
1747659092807,/test/flood/bdf09c2fc6d5/702,5,0,0,,0
1747659092838,/test/flood/bdf09c2fc6d5/703,4,0,0,,0
1747659092872,/test/flood/bdf09c2fc6d5/704,6,0,0,,0
1747659092905,/test/flood/bdf09c2fc6d5/705,4,0,0,,0
1747659092940,/test/flood/bdf09c2fc6d5/706,5,0,0,,0
1747659092979,/test/flood/bdf09c2fc6d5/707,7,0,0,,0
1747659093012,/test/flood/bdf09c2fc6d5/708,6,0,0,,0
1747659093056,/test/flood/bdf09c2fc6d5/709,5,0,0,,0
1747659093093,/test/flood/bdf09c2fc6d5/710,5,0,0,,0
1747659093126,/test/flood/bdf09c2fc6d5/711,8,0,0,,0
1747659093163,/test/flood/bdf09c2fc6d5/712,5,0,0,,0
1747659093195,/test/flood/bdf09c2fc6d5/713,6,0,0,,0
1747659093235,/test/flood/bdf09c2fc6d5/714,7,0,0,,0
1747659093273,/test/flood/bdf09c2fc6d5/715,6,0,0,,0
1747659093308,/test/flood/bdf09c2fc6d5/716,7,0,0,,0
1747659093348,/test/flood/bdf09c2fc6d5/717,7,0,0,,0
1747659093385,/test/flood/bdf09c2fc6d5/718,7,0,0,,0
1747659093421,/test/flood/bdf09c2fc6d5/719,6,0,0,,0
1747659093454,/test/flood/bdf09c2fc6d5/720,5,0,0,,0
1747659093486,/test/flood/bdf09c2fc6d5/721,4,0,0,,0
1747659093520,/test/flood/bdf09c2fc6d5/722,7,0,0,,0
1747659093559,/test/flood/bdf09c2fc6d5/723,5,0,0,,0
1747659093591,/test/flood/bdf09c2fc6d5/724,3,0,0,,0
1747659093621,/test/flood/bdf09c2fc6d5/725,6,0,0,,0
1747659093655,/test/flood/bdf09c2fc6d5/726,8,0,0,,0
1747659093694,/test/flood/bdf09c2fc6d5/727,5,0,0,,0
1747659093725,/test/flood/bdf09c2fc6d5/728,5,0,0,,0
1747659093757,/test/flood/bdf09c2fc6d5/729,5,0,0,,0
1747659093794,/test/flood/bdf09c2fc6d5/730,6,0,0,,0
1747659093833,/test/flood/bdf09c2fc6d5/731,5,0,0,,0
1747659093864,/test/flood/bdf09c2fc6d5/732,4,0,0,,0
1747659093895,/test/flood/bdf09c2fc6d5/733,6,0,0,,0
1747659093929,/test/flood/bdf09c2fc6d5/734,4,0,0,,0
1747659093965,/test/flood/bdf09c2fc6d5/735,5,0,0,,0
1747659093999,/test/flood/bdf09c2fc6d5/736,5,0,0,,0
1747659094031,/test/flood/bdf09c2fc6d5/737,8,0,0,,0
1747659094066,/test/flood/bdf09c2fc6d5/738,4,0,0,,0
1747659094095,/test/flood/bdf09c2fc6d5/739,5,0,0,,0
1747659094129,/test/flood/bdf09c2fc6d5/740,6,0,0,,0
1747659094163,/test/flood/bdf09c2fc6d5/741,4,0,0,,0
1747659094198,/test/flood/bdf09c2fc6d5/742,5,0,0,,0
1747659094227,/test/flood/bdf09c2fc6d5/743,5,0,0,,0
1747659094257,/test/flood/bdf09c2fc6d5/744,4,0,0,,0
1747659094288,/test/flood/bdf09c2fc6d5/745,5,0,0,,0
1747659094318,/test/flood/bdf09c2fc6d5/746,4,0,0,,0
1747659094351,/test/flood/bdf09c2fc6d5/747,4,0,0,,0
1747659094386,/test/flood/bdf09c2fc6d5/748,4,0,0,,0
1747659094419,/test/flood/bdf09c2fc6d5/749,6,0,0,,0
1747659094454,/test/flood/bdf09c2fc6d5/750,7,0,0,,0
1747659094491,/test/flood/bdf09c2fc6d5/751,6,0,0,,0
1747659094528,/test/flood/bdf09c2fc6d5/752,8,0,0,,0
1747659094568,/test/flood/bdf09c2fc6d5/753,5,0,0,,0
1747659094608,/test/flood/bdf09c2fc6d5/754,7,0,0,,0
1747659094643,/test/flood/bdf09c2fc6d5/755,5,0,0,,0
1747659094674,/test/flood/bdf09c2fc6d5/756,4,0,0,,0
1747659094704,/test/flood/bdf09c2fc6d5/757,5,0,0,,0
1747659094737,/test/flood/bdf09c2fc6d5/758,7,0,0,,0
1747659094769,/test/flood/bdf09c2fc6d5/759,5,0,0,,0
1747659094801,/test/flood/bdf09c2fc6d5/760,8,0,0,,0
1747659094836,/test/flood/bdf09c2fc6d5/761,5,0,0,,0
1747659094867,/test/flood/bdf09c2fc6d5/762,6,0,0,,0
1747659094907,/test/flood/bdf09c2fc6d5/763,6,0,0,,0
1747659094946,/test/flood/bdf09c2fc6d5/764,5,0,0,,0
1747659094982,/test/flood/bdf09c2fc6d5/765,5,0,0,,0
1747659095017,/test/flood/bdf09c2fc6d5/766,4,0,0,,0
1747659095053,/test/flood/bdf09c2fc6d5/767,7,0,0,,0
1747659095092,/test/flood/bdf09c2fc6d5/768,8,0,0,,0
1747659095123,/test/flood/bdf09c2fc6d5/769,6,0,0,,0
1747659095155,/test/flood/bdf09c2fc6d5/770,5,0,0,,0
1747659095191,/test/flood/bdf09c2fc6d5/771,5,0,0,,0
1747659095225,/test/flood/bdf09c2fc6d5/772,5,0,0,,0
1747659095256,/test/flood/bdf09c2fc6d5/773,6,0,0,,0
1747659095286,/test/flood/bdf09c2fc6d5/774,6,0,0,,0
1747659095315,/test/flood/bdf09c2fc6d5/775,4,0,0,,0
1747659095344,/test/flood/bdf09c2fc6d5/776,5,0,0,,0
1747659095377,/test/flood/bdf09c2fc6d5/777,5,0,0,,0
1747659095408,/test/flood/bdf09c2fc6d5/778,6,0,0,,0
1747659095442,/test/flood/bdf09c2fc6d5/779,4,0,0,,0
1747659095474,/test/flood/bdf09c2fc6d5/780,5,0,0,,0
1747659095509,/test/flood/bdf09c2fc6d5/781,6,0,0,,0
1747659095547,/test/flood/bdf09c2fc6d5/782,4,0,0,,0
1747659095576,/test/flood/bdf09c2fc6d5/783,7,0,0,,0
1747659095614,/test/flood/bdf09c2fc6d5/784,5,0,0,,0
1747659095645,/test/flood/bdf09c2fc6d5/785,5,0,0,,0
1747659095680,/test/flood/bdf09c2fc6d5/786,4,0,0,,0
1747659095709,/test/flood/bdf09c2fc6d5/787,4,0,0,,0
1747659095745,/test/flood/bdf09c2fc6d5/788,6,0,0,,0
1747659095777,/test/flood/bdf09c2fc6d5/789,4,0,0,,0
1747659095807,/test/flood/bdf09c2fc6d5/790,5,0,0,,0
1747659095840,/test/flood/bdf09c2fc6d5/791,4,0,0,,0
1747659095872,/test/flood/bdf09c2fc6d5/792,4,0,0,,0
1747659095900,/test/flood/bdf09c2fc6d5/793,7,0,0,,0
1747659095938,/test/flood/bdf09c2fc6d5/794,5,0,0,,0
1747659095969,/test/flood/bdf09c2fc6d5/795,6,0,0,,0
1747659096007,/test/flood/bdf09c2fc6d5/796,6,0,0,,0
1747659096051,/test/flood/bdf09c2fc6d5/797,5,0,0,,0
1747659096088,/test/flood/bdf09c2fc6d5/798,5,0,0,,0
1747659096123,/test/flood/bdf09c2fc6d5/799,5,0,0,,0
1747659096153,/test/flood/bdf09c2fc6d5/800,4,0,0,,0
1747659096184,/test/flood/bdf09c2fc6d5/801,5,0,0,,0
1747659096218,/test/flood/bdf09c2fc6d5/802,4,0,0,,0
1747659096254,/test/flood/bdf09c2fc6d5/803,4,0,0,,0
1747659096287,/test/flood/bdf09c2fc6d5/804,5,0,0,,0
1747659096319,/test/flood/bdf09c2fc6d5/805,6,0,0,,0
1747659096356,/test/flood/bdf09c2fc6d5/806,5,0,0,,0
1747659096398,/test/flood/bdf09c2fc6d5/807,7,0,0,,0
1747659096435,/test/flood/bdf09c2fc6d5/808,6,0,0,,0
1747659096471,/test/flood/bdf09c2fc6d5/809,7,0,0,,0
1747659096508,/test/flood/bdf09c2fc6d5/810,5,0,0,,0
1747659096540,/test/flood/bdf09c2fc6d5/811,6,0,0,,0
1747659096576,/test/flood/bdf09c2fc6d5/812,6,0,0,,0
1747659096611,/test/flood/bdf09c2fc6d5/813,5,0,0,,0
1747659096648,/test/flood/bdf09c2fc6d5/814,6,0,0,,0
1747659096689,/test/flood/bdf09c2fc6d5/815,7,0,0,,0
1747659096722,/test/flood/bdf09c2fc6d5/816,8,0,0,,0
1747659096764,/test/flood/bdf09c2fc6d5/817,4,0,0,,0
1747659096795,/test/flood/bdf09c2fc6d5/818,7,0,0,,0
1747659096833,/test/flood/bdf09c2fc6d5/819,6,0,0,,0
1747659096863,/test/flood/bdf09c2fc6d5/820,5,0,0,,0
1747659096895,/test/flood/bdf09c2fc6d5/821,5,0,0,,0
1747659096926,/test/flood/bdf09c2fc6d5/822,5,0,0,,0
1747659096958,/test/flood/bdf09c2fc6d5/823,5,0,0,,0
1747659096986,/test/flood/bdf09c2fc6d5/824,4,0,0,,0
1747659097015,/test/flood/bdf09c2fc6d5/825,4,0,0,,0
1747659097048,/test/flood/bdf09c2fc6d5/826,5,0,0,,0
1747659097078,/test/flood/bdf09c2fc6d5/827,6,0,0,,0
1747659097112,/test/flood/bdf09c2fc6d5/828,6,0,0,,0
1747659097148,/test/flood/bdf09c2fc6d5/829,5,0,0,,0
1747659097179,/test/flood/bdf09c2fc6d5/830,7,0,0,,0
1747659097219,/test/flood/bdf09c2fc6d5/831,6,0,0,,0
1747659097251,/test/flood/bdf09c2fc6d5/832,5,0,0,,0
1747659097281,/test/flood/bdf09c2fc6d5/833,5,0,0,,0
1747659097314,/test/flood/bdf09c2fc6d5/834,6,0,0,,0
1747659097348,/test/flood/bdf09c2fc6d5/835,6,0,0,,0
1747659097381,/test/flood/bdf09c2fc6d5/836,6,0,0,,0
1747659097418,/test/flood/bdf09c2fc6d5/837,6,0,0,,0
1747659097453,/test/flood/bdf09c2fc6d5/838,7,0,0,,0
1747659097484,/test/flood/bdf09c2fc6d5/839,6,0,0,,0
1747659097516,/test/flood/bdf09c2fc6d5/840,7,0,0,,0
1747659097554,/test/flood/bdf09c2fc6d5/841,4,0,0,,0
1747659097592,/test/flood/bdf09c2fc6d5/842,5,0,0,,0
1747659097624,/test/flood/bdf09c2fc6d5/843,6,0,0,,0
1747659097658,/test/flood/bdf09c2fc6d5/844,4,0,0,,0
1747659097686,/test/flood/bdf09c2fc6d5/845,6,0,0,,0
1747659097722,/test/flood/bdf09c2fc6d5/846,8,0,0,,0
1747659097758,/test/flood/bdf09c2fc6d5/847,7,0,0,,0
1747659097788,/test/flood/bdf09c2fc6d5/848,4,0,0,,0
1747659097822,/test/flood/bdf09c2fc6d5/849,5,0,0,,0
1747659097855,/test/flood/bdf09c2fc6d5/850,5,0,0,,0
1747659097894,/test/flood/bdf09c2fc6d5/851,5,0,0,,0
1747659097924,/test/flood/bdf09c2fc6d5/852,7,0,0,,0
1747659097959,/test/flood/bdf09c2fc6d5/853,5,0,0,,0
1747659097992,/test/flood/bdf09c2fc6d5/854,5,0,0,,0
1747659098026,/test/flood/bdf09c2fc6d5/855,8,0,0,,0
1747659098065,/test/flood/bdf09c2fc6d5/856,4,0,0,,0
1747659098097,/test/flood/bdf09c2fc6d5/857,6,0,0,,0
1747659098134,/test/flood/bdf09c2fc6d5/858,4,0,0,,0
1747659098170,/test/flood/bdf09c2fc6d5/859,5,0,0,,0
1747659098205,/test/flood/bdf09c2fc6d5/860,5,0,0,,0
1747659098238,/test/flood/bdf09c2fc6d5/861,7,0,0,,0
1747659098273,/test/flood/bdf09c2fc6d5/862,5,0,0,,0
1747659098304,/test/flood/bdf09c2fc6d5/863,7,0,0,,0
1747659098338,/test/flood/bdf09c2fc6d5/864,5,0,0,,0
1747659098367,/test/flood/bdf09c2fc6d5/865,5,0,0,,0
1747659098397,/test/flood/bdf09c2fc6d5/866,6,0,0,,0
1747659098432,/test/flood/bdf09c2fc6d5/867,5,0,0,,0
1747659098460,/test/flood/bdf09c2fc6d5/868,7,0,0,,0
1747659098493,/test/flood/bdf09c2fc6d5/869,5,0,0,,0
1747659098526,/test/flood/bdf09c2fc6d5/870,8,0,0,,0
1747659098564,/test/flood/bdf09c2fc6d5/871,6,0,0,,0
1747659098600,/test/flood/bdf09c2fc6d5/872,8,0,0,,0
1747659098640,/test/flood/bdf09c2fc6d5/873,5,0,0,,0
1747659098671,/test/flood/bdf09c2fc6d5/874,5,0,0,,0
1747659098704,/test/flood/bdf09c2fc6d5/875,5,0,0,,0
1747659098741,/test/flood/bdf09c2fc6d5/876,5,0,0,,0
1747659098772,/test/flood/bdf09c2fc6d5/877,5,0,0,,0
1747659098807,/test/flood/bdf09c2fc6d5/878,5,0,0,,0
1747659098837,/test/flood/bdf09c2fc6d5/879,7,0,0,,0
1747659098873,/test/flood/bdf09c2fc6d5/880,5,0,0,,0
1747659098902,/test/flood/bdf09c2fc6d5/881,5,0,0,,0
1747659098934,/test/flood/bdf09c2fc6d5/882,4,0,0,,0
1747659098966,/test/flood/bdf09c2fc6d5/883,5,0,0,,0
1747659099001,/test/flood/bdf09c2fc6d5/884,7,0,0,,0
1747659099041,/test/flood/bdf09c2fc6d5/885,6,0,0,,0
1747659099075,/test/flood/bdf09c2fc6d5/886,7,0,0,,0
1747659099112,/test/flood/bdf09c2fc6d5/887,9,0,0,,0
1747659099150,/test/flood/bdf09c2fc6d5/888,5,0,0,,0
1747659099182,/test/flood/bdf09c2fc6d5/889,5,0,0,,0
1747659099220,/test/flood/bdf09c2fc6d5/890,5,0,0,,0
1747659099256,/test/flood/bdf09c2fc6d5/891,6,0,0,,0
1747659099289,/test/flood/bdf09c2fc6d5/892,5,0,0,,0
1747659099322,/test/flood/bdf09c2fc6d5/893,5,0,0,,0
1747659099359,/test/flood/bdf09c2fc6d5/894,6,0,0,,0
1747659099394,/test/flood/bdf09c2fc6d5/895,5,0,0,,0
1747659099425,/test/flood/bdf09c2fc6d5/896,6,0,0,,0
1747659099460,/test/flood/bdf09c2fc6d5/897,5,0,0,,0
1747659099493,/test/flood/bdf09c2fc6d5/898,5,0,0,,0
1747659099527,/test/flood/bdf09c2fc6d5/899,10,0,0,,0
1747659099568,/test/flood/bdf09c2fc6d5/900,7,0,0,,0
1747659099603,/test/flood/bdf09c2fc6d5/901,6,0,0,,0
1747659099635,/test/flood/bdf09c2fc6d5/902,5,0,0,,0
1747659099667,/test/flood/bdf09c2fc6d5/903,5,0,0,,0
1747659099699,/test/flood/bdf09c2fc6d5/904,6,0,0,,0
1747659099730,/test/flood/bdf09c2fc6d5/905,4,0,0,,0
1747659099760,/test/flood/bdf09c2fc6d5/906,4,0,0,,0
1747659099791,/test/flood/bdf09c2fc6d5/907,6,0,0,,0
1747659099825,/test/flood/bdf09c2fc6d5/908,5,0,0,,0
1747659099859,/test/flood/bdf09c2fc6d5/909,4,0,0,,0
1747659099893,/test/flood/bdf09c2fc6d5/910,5,0,0,,0
1747659099923,/test/flood/bdf09c2fc6d5/911,6,0,0,,0
1747659099963,/test/flood/bdf09c2fc6d5/912,4,0,0,,0
1747659099994,/test/flood/bdf09c2fc6d5/913,8,0,0,,0
1747659100029,/test/flood/bdf09c2fc6d5/914,8,0,0,,0
1747659100067,/test/flood/bdf09c2fc6d5/915,5,0,0,,0
1747659100099,/test/flood/bdf09c2fc6d5/916,5,0,0,,0
1747659100131,/test/flood/bdf09c2fc6d5/917,6,0,0,,0
1747659100165,/test/flood/bdf09c2fc6d5/918,6,0,0,,0
1747659100198,/test/flood/bdf09c2fc6d5/919,5,0,0,,0
1747659100233,/test/flood/bdf09c2fc6d5/920,6,0,0,,0
1747659100266,/test/flood/bdf09c2fc6d5/921,6,0,0,,0
1747659100299,/test/flood/bdf09c2fc6d5/922,5,0,0,,0
1747659100331,/test/flood/bdf09c2fc6d5/923,5,0,0,,0
1747659100361,/test/flood/bdf09c2fc6d5/924,5,0,0,,0
1747659100393,/test/flood/bdf09c2fc6d5/925,5,0,0,,0
1747659100425,/test/flood/bdf09c2fc6d5/926,5,0,0,,0
1747659100456,/test/flood/bdf09c2fc6d5/927,5,0,0,,0
1747659100491,/test/flood/bdf09c2fc6d5/928,7,0,0,,0
1747659100524,/test/flood/bdf09c2fc6d5/929,8,0,0,,0
1747659100561,/test/flood/bdf09c2fc6d5/930,6,0,0,,0
1747659100596,/test/flood/bdf09c2fc6d5/931,7,0,0,,0
1747659100632,/test/flood/bdf09c2fc6d5/932,4,0,0,,0
1747659100662,/test/flood/bdf09c2fc6d5/933,5,0,0,,0
1747659100691,/test/flood/bdf09c2fc6d5/934,5,0,0,,0
1747659100719,/test/flood/bdf09c2fc6d5/935,7,0,0,,0
1747659100750,/test/flood/bdf09c2fc6d5/936,6,0,0,,0
1747659100783,/test/flood/bdf09c2fc6d5/937,6,0,0,,0
1747659100814,/test/flood/bdf09c2fc6d5/938,5,0,0,,0
1747659100849,/test/flood/bdf09c2fc6d5/939,5,0,0,,0
1747659100884,/test/flood/bdf09c2fc6d5/940,4,0,0,,0
1747659100918,/test/flood/bdf09c2fc6d5/941,6,0,0,,0
1747659100953,/test/flood/bdf09c2fc6d5/942,5,0,0,,0
1747659100983,/test/flood/bdf09c2fc6d5/943,5,0,0,,0
1747659101017,/test/flood/bdf09c2fc6d5/944,5,0,0,,0
1747659101053,/test/flood/bdf09c2fc6d5/945,6,0,0,,0
1747659101086,/test/flood/bdf09c2fc6d5/946,4,0,0,,0
1747659101115,/test/flood/bdf09c2fc6d5/947,5,0,0,,0
1747659101145,/test/flood/bdf09c2fc6d5/948,7,0,0,,0
1747659101176,/test/flood/bdf09c2fc6d5/949,5,0,0,,0
1747659101207,/test/flood/bdf09c2fc6d5/950,5,0,0,,0
1747659101240,/test/flood/bdf09c2fc6d5/951,5,0,0,,0
1747659101271,/test/flood/bdf09c2fc6d5/952,6,0,0,,0
1747659101305,/test/flood/bdf09c2fc6d5/953,4,0,0,,0
1747659101339,/test/flood/bdf09c2fc6d5/954,7,0,0,,0
1747659101380,/test/flood/bdf09c2fc6d5/955,8,0,0,,0
1747659101416,/test/flood/bdf09c2fc6d5/956,6,0,0,,0
1747659101455,/test/flood/bdf09c2fc6d5/957,5,0,0,,0
1747659101487,/test/flood/bdf09c2fc6d5/958,7,0,0,,0
1747659101527,/test/flood/bdf09c2fc6d5/959,7,0,0,,0
1747659101571,/test/flood/bdf09c2fc6d5/960,6,0,0,,0
1747659101608,/test/flood/bdf09c2fc6d5/961,5,0,0,,0
1747659101646,/test/flood/bdf09c2fc6d5/962,7,0,0,,0
1747659101681,/test/flood/bdf09c2fc6d5/963,5,0,0,,0
1747659101716,/test/flood/bdf09c2fc6d5/964,7,0,0,,0
1747659101748,/test/flood/bdf09c2fc6d5/965,5,0,0,,0
1747659101781,/test/flood/bdf09c2fc6d5/966,5,0,0,,0
1747659101811,/test/flood/bdf09c2fc6d5/967,6,0,0,,0
1747659101843,/test/flood/bdf09c2fc6d5/968,6,0,0,,0
1747659101874,/test/flood/bdf09c2fc6d5/969,6,0,0,,0
1747659101906,/test/flood/bdf09c2fc6d5/970,6,0,0,,0
1747659101937,/test/flood/bdf09c2fc6d5/971,5,0,0,,0
1747659101968,/test/flood/bdf09c2fc6d5/972,8,0,0,,0
1747659102006,/test/flood/bdf09c2fc6d5/973,5,0,0,,0
1747659102044,/test/flood/bdf09c2fc6d5/974,4,0,0,,0
1747659102075,/test/flood/bdf09c2fc6d5/975,8,0,0,,0
1747659102111,/test/flood/bdf09c2fc6d5/976,4,0,0,,0
1747659102144,/test/flood/bdf09c2fc6d5/977,4,0,0,,0
1747659102177,/test/flood/bdf09c2fc6d5/978,6,0,0,,0
1747659102212,/test/flood/bdf09c2fc6d5/979,5,0,0,,0
1747659102247,/test/flood/bdf09c2fc6d5/980,4,0,0,,0
1747659102278,/test/flood/bdf09c2fc6d5/981,7,0,0,,0
1747659102316,/test/flood/bdf09c2fc6d5/982,5,0,0,,0
1747659102349,/test/flood/bdf09c2fc6d5/983,5,0,0,,0
1747659102378,/test/flood/bdf09c2fc6d5/984,4,0,0,,0
1747659102410,/test/flood/bdf09c2fc6d5/985,8,0,0,,0
1747659102442,/test/flood/bdf09c2fc6d5/986,7,0,0,,0
1747659102476,/test/flood/bdf09c2fc6d5/987,5,0,0,,0
1747659102509,/test/flood/bdf09c2fc6d5/988,7,0,0,,0
1747659102551,/test/flood/bdf09c2fc6d5/989,7,0,0,,0
1747659102584,/test/flood/bdf09c2fc6d5/990,6,0,0,,0
1747659102625,/test/flood/bdf09c2fc6d5/991,5,0,0,,0
1747659102666,/test/flood/bdf09c2fc6d5/992,14,0,0,,0
1747659102760,/test/flood/bdf09c2fc6d5/993,23,0,0,,0
1747659102826,/test/flood/bdf09c2fc6d5/994,5,0,0,,0
1747659102860,/test/flood/bdf09c2fc6d5/995,6,0,0,,0
1747659102891,/test/flood/bdf09c2fc6d5/996,5,0,0,,0
1747659102924,/test/flood/bdf09c2fc6d5/997,7,0,0,,0
1747659102957,/test/flood/bdf09c2fc6d5/998,4,0,0,,0
1747659102991,/test/flood/bdf09c2fc6d5/999,4,0,0,,0
1747659103023,/test/flood/bdf09c2fc6d5/1000,5,0,0,,0
1747659103060,/test/flood/bdf09c2fc6d5/1001,6,0,0,,0
1747659103089,/test/flood/bdf09c2fc6d5/1002,6,0,0,,0
1747659103127,/test/flood/bdf09c2fc6d5/1003,5,0,0,,0
1747659103165,/test/flood/bdf09c2fc6d5/1004,5,0,0,,0
1747659103198,/test/flood/bdf09c2fc6d5/1005,5,0,0,,0
1747659103227,/test/flood/bdf09c2fc6d5/1006,4,0,0,,0
1747659103261,/test/flood/bdf09c2fc6d5/1007,5,0,0,,0
1747659103295,/test/flood/bdf09c2fc6d5/1008,5,0,0,,0
1747659103324,/test/flood/bdf09c2fc6d5/1009,6,0,0,,0
1747659103359,/test/flood/bdf09c2fc6d5/1010,5,0,0,,0
1747659103390,/test/flood/bdf09c2fc6d5/1011,11,0,0,,0
1747659103429,/test/flood/bdf09c2fc6d5/1012,5,0,0,,0
1747659103462,/test/flood/bdf09c2fc6d5/1013,5,0,0,,0
1747659103496,/test/flood/bdf09c2fc6d5/1014,4,0,0,,0
1747659103525,/test/flood/bdf09c2fc6d5/1015,6,0,0,,0
1747659103562,/test/flood/bdf09c2fc6d5/1016,7,0,0,,0
1747659103596,/test/flood/bdf09c2fc6d5/1017,5,0,0,,0
1747659103657,/test/flood/bdf09c2fc6d5/1018,11,0,0,,0
1747659103709,/test/flood/bdf09c2fc6d5/1019,5,0,0,,0
1747659103742,/test/flood/bdf09c2fc6d5/1020,5,0,0,,0
1747659103776,/test/flood/bdf09c2fc6d5/1021,5,0,0,,0
1747659103810,/test/flood/bdf09c2fc6d5/1022,8,0,0,,0
1747659103852,/test/flood/bdf09c2fc6d5/1023,6,0,0,,0
1747659103888,/test/flood/bdf09c2fc6d5/1024,5,0,0,,0
1747659103922,/test/flood/bdf09c2fc6d5/1025,4,0,0,,0
1747659103954,/test/flood/bdf09c2fc6d5/1026,6,0,0,,0
1747659103986,/test/flood/bdf09c2fc6d5/1027,4,0,0,,0
1747659104015,/test/flood/bdf09c2fc6d5/1028,5,0,0,,0
1747659104052,/test/flood/bdf09c2fc6d5/1029,8,0,0,,0
1747659104090,/test/flood/bdf09c2fc6d5/1030,5,0,0,,0
1747659104124,/test/flood/bdf09c2fc6d5/1031,6,0,0,,0
1747659104153,/test/flood/bdf09c2fc6d5/1032,4,0,0,,0
1747659104183,/test/flood/bdf09c2fc6d5/1033,5,0,0,,0
1747659104215,/test/flood/bdf09c2fc6d5/1034,5,0,0,,0
1747659104246,/test/flood/bdf09c2fc6d5/1035,4,0,0,,0
1747659104279,/test/flood/bdf09c2fc6d5/1036,6,0,0,,0
1747659104311,/test/flood/bdf09c2fc6d5/1037,6,0,0,,0
1747659104342,/test/flood/bdf09c2fc6d5/1038,7,0,0,,0
1747659104375,/test/flood/bdf09c2fc6d5/1039,5,0,0,,0
1747659104406,/test/flood/bdf09c2fc6d5/1040,7,0,0,,0
1747659104441,/test/flood/bdf09c2fc6d5/1041,5,0,0,,0
1747659104470,/test/flood/bdf09c2fc6d5/1042,4,0,0,,0
1747659104501,/test/flood/bdf09c2fc6d5/1043,5,0,0,,0
1747659104537,/test/flood/bdf09c2fc6d5/1044,6,0,0,,0
1747659104569,/test/flood/bdf09c2fc6d5/1045,6,0,0,,0
1747659104603,/test/flood/bdf09c2fc6d5/1046,6,0,0,,0
1747659104640,/test/flood/bdf09c2fc6d5/1047,5,0,0,,0
1747659104677,/test/flood/bdf09c2fc6d5/1048,7,0,0,,0
1747659104708,/test/flood/bdf09c2fc6d5/1049,5,0,0,,0
1747659104741,/test/flood/bdf09c2fc6d5/1050,5,0,0,,0
1747659104774,/test/flood/bdf09c2fc6d5/1051,8,0,0,,0
1747659104808,/test/flood/bdf09c2fc6d5/1052,6,0,0,,0
1747659104840,/test/flood/bdf09c2fc6d5/1053,6,0,0,,0
1747659104872,/test/flood/bdf09c2fc6d5/1054,5,0,0,,0
1747659104902,/test/flood/bdf09c2fc6d5/1055,6,0,0,,0
1747659104940,/test/flood/bdf09c2fc6d5/1056,5,0,0,,0
1747659104975,/test/flood/bdf09c2fc6d5/1057,5,0,0,,0
1747659105009,/test/flood/bdf09c2fc6d5/1058,6,0,0,,0
1747659105047,/test/flood/bdf09c2fc6d5/1059,6,0,0,,0
1747659105084,/test/flood/bdf09c2fc6d5/1060,6,0,0,,0
1747659105119,/test/flood/bdf09c2fc6d5/1061,7,0,0,,0
1747659105151,/test/flood/bdf09c2fc6d5/1062,6,0,0,,0
1747659105187,/test/flood/bdf09c2fc6d5/1063,5,0,0,,0
1747659105221,/test/flood/bdf09c2fc6d5/1064,7,0,0,,0
1747659105254,/test/flood/bdf09c2fc6d5/1065,6,0,0,,0
1747659105288,/test/flood/bdf09c2fc6d5/1066,5,0,0,,0
1747659105320,/test/flood/bdf09c2fc6d5/1067,6,0,0,,0
1747659105354,/test/flood/bdf09c2fc6d5/1068,4,0,0,,0
1747659105385,/test/flood/bdf09c2fc6d5/1069,6,0,0,,0
1747659105417,/test/flood/bdf09c2fc6d5/1070,6,0,0,,0
1747659105450,/test/flood/bdf09c2fc6d5/1071,5,0,0,,0
1747659105481,/test/flood/bdf09c2fc6d5/1072,6,0,0,,0
1747659105513,/test/flood/bdf09c2fc6d5/1073,6,0,0,,0
1747659105552,/test/flood/bdf09c2fc6d5/1074,6,0,0,,0
1747659105588,/test/flood/bdf09c2fc6d5/1075,4,0,0,,0
1747659105619,/test/flood/bdf09c2fc6d5/1076,4,0,0,,0
1747659105649,/test/flood/bdf09c2fc6d5/1077,5,0,0,,0
1747659105679,/test/flood/bdf09c2fc6d5/1078,4,0,0,,0
1747659105706,/test/flood/bdf09c2fc6d5/1079,7,0,0,,0
1747659105739,/test/flood/bdf09c2fc6d5/1080,5,0,0,,0
1747659105770,/test/flood/bdf09c2fc6d5/1081,4,0,0,,0
1747659105801,/test/flood/bdf09c2fc6d5/1082,6,0,0,,0
1747659105842,/test/flood/bdf09c2fc6d5/1083,5,0,0,,0
1747659105877,/test/flood/bdf09c2fc6d5/1084,5,0,0,,0
1747659105909,/test/flood/bdf09c2fc6d5/1085,4,0,0,,0
1747659105944,/test/flood/bdf09c2fc6d5/1086,6,0,0,,0
1747659105976,/test/flood/bdf09c2fc6d5/1087,5,0,0,,0
1747659106014,/test/flood/bdf09c2fc6d5/1088,9,0,0,,0
1747659106082,/test/flood/bdf09c2fc6d5/1089,5,0,0,,0
1747659106121,/test/flood/bdf09c2fc6d5/1090,5,0,0,,0
1747659106154,/test/flood/bdf09c2fc6d5/1091,4,0,0,,0
1747659106185,/test/flood/bdf09c2fc6d5/1092,6,0,0,,0
1747659106218,/test/flood/bdf09c2fc6d5/1093,4,0,0,,0
1747659106248,/test/flood/bdf09c2fc6d5/1094,5,0,0,,0
1747659106279,/test/flood/bdf09c2fc6d5/1095,5,0,0,,0
1747659106311,/test/flood/bdf09c2fc6d5/1096,6,0,0,,0
1747659106344,/test/flood/bdf09c2fc6d5/1097,8,0,0,,0
1747659106379,/test/flood/bdf09c2fc6d5/1098,6,0,0,,0
1747659106418,/test/flood/bdf09c2fc6d5/1099,5,0,0,,0
1747659106453,/test/flood/bdf09c2fc6d5/1100,7,0,0,,0
1747659106493,/test/flood/bdf09c2fc6d5/1101,5,0,0,,0
1747659106528,/test/flood/bdf09c2fc6d5/1102,12,0,0,,0
1747659106573,/test/flood/bdf09c2fc6d5/1103,5,0,0,,0
1747659106607,/test/flood/bdf09c2fc6d5/1104,5,0,0,,0
1747659106640,/test/flood/bdf09c2fc6d5/1105,7,0,0,,0
1747659106677,/test/flood/bdf09c2fc6d5/1106,5,0,0,,0
1747659106711,/test/flood/bdf09c2fc6d5/1107,5,0,0,,0
1747659106748,/test/flood/bdf09c2fc6d5/1108,6,0,0,,0
1747659106783,/test/flood/bdf09c2fc6d5/1109,6,0,0,,0
1747659106817,/test/flood/bdf09c2fc6d5/1110,5,0,0,,0
1747659106851,/test/flood/bdf09c2fc6d5/1111,5,0,0,,0
1747659106885,/test/flood/bdf09c2fc6d5/1112,6,0,0,,0
1747659106919,/test/flood/bdf09c2fc6d5/1113,6,0,0,,0
1747659106951,/test/flood/bdf09c2fc6d5/1114,7,0,0,,0
1747659106984,/test/flood/bdf09c2fc6d5/1115,29,0,0,,0
1747659107084,/test/flood/bdf09c2fc6d5/1116,6,0,0,,0
1747659107129,/test/flood/bdf09c2fc6d5/1117,7,0,0,,0
1747659107167,/test/flood/bdf09c2fc6d5/1118,5,0,0,,0
1747659107196,/test/flood/bdf09c2fc6d5/1119,5,0,0,,0
1747659107229,/test/flood/bdf09c2fc6d5/1120,7,0,0,,0
1747659107260,/test/flood/bdf09c2fc6d5/1121,5,0,0,,0
1747659107291,/test/flood/bdf09c2fc6d5/1122,6,0,0,,0
1747659107320,/test/flood/bdf09c2fc6d5/1123,7,0,0,,0
1747659107353,/test/flood/bdf09c2fc6d5/1124,6,0,0,,0
1747659107390,/test/flood/bdf09c2fc6d5/1125,5,0,0,,0
1747659107426,/test/flood/bdf09c2fc6d5/1126,7,0,0,,0
1747659107459,/test/flood/bdf09c2fc6d5/1127,4,0,0,,0
1747659107492,/test/flood/bdf09c2fc6d5/1128,6,0,0,,0
1747659107530,/test/flood/bdf09c2fc6d5/1129,9,0,0,,0
1747659107568,/test/flood/bdf09c2fc6d5/1130,5,0,0,,0
1747659107604,/test/flood/bdf09c2fc6d5/1131,7,0,0,,0
1747659107644,/test/flood/bdf09c2fc6d5/1132,5,0,0,,0
1747659107676,/test/flood/bdf09c2fc6d5/1133,8,0,0,,0
1747659107716,/test/flood/bdf09c2fc6d5/1134,6,0,0,,0
1747659107747,/test/flood/bdf09c2fc6d5/1135,5,0,0,,0
1747659107782,/test/flood/bdf09c2fc6d5/1136,5,0,0,,0
1747659107814,/test/flood/bdf09c2fc6d5/1137,5,0,0,,0
1747659107844,/test/flood/bdf09c2fc6d5/1138,6,0,0,,0
1747659107877,/test/flood/bdf09c2fc6d5/1139,5,0,0,,0
1747659107909,/test/flood/bdf09c2fc6d5/1140,5,0,0,,0
1747659107941,/test/flood/bdf09c2fc6d5/1141,7,0,0,,0
1747659107972,/test/flood/bdf09c2fc6d5/1142,5,0,0,,0
1747659108003,/test/flood/bdf09c2fc6d5/1143,7,0,0,,0
1747659108041,/test/flood/bdf09c2fc6d5/1144,6,0,0,,0
1747659108083,/test/flood/bdf09c2fc6d5/1145,6,0,0,,0
1747659108122,/test/flood/bdf09c2fc6d5/1146,5,0,0,,0
1747659108156,/test/flood/bdf09c2fc6d5/1147,8,0,0,,0
1747659108194,/test/flood/bdf09c2fc6d5/1148,6,0,0,,0
1747659108238,/test/flood/bdf09c2fc6d5/1149,9,0,0,,0
1747659108284,/test/flood/bdf09c2fc6d5/1150,6,0,0,,0
1747659108326,/test/flood/bdf09c2fc6d5/1151,5,0,0,,0
1747659108357,/test/flood/bdf09c2fc6d5/1152,6,0,0,,0
1747659108393,/test/flood/bdf09c2fc6d5/1153,5,0,0,,0
1747659108427,/test/flood/bdf09c2fc6d5/1154,5,0,0,,0
1747659108463,/test/flood/bdf09c2fc6d5/1155,7,0,0,,0
1747659108498,/test/flood/bdf09c2fc6d5/1156,6,0,0,,0
1747659108532,/test/flood/bdf09c2fc6d5/1157,6,0,0,,0
1747659108565,/test/flood/bdf09c2fc6d5/1158,5,0,0,,0
1747659108602,/test/flood/bdf09c2fc6d5/1159,5,0,0,,0
1747659108632,/test/flood/bdf09c2fc6d5/1160,8,0,0,,0
1747659108669,/test/flood/bdf09c2fc6d5/1161,5,0,0,,0
1747659108705,/test/flood/bdf09c2fc6d5/1162,5,0,0,,0
1747659108743,/test/flood/bdf09c2fc6d5/1163,7,0,0,,0
1747659108781,/test/flood/bdf09c2fc6d5/1164,5,0,0,,0
1747659108816,/test/flood/bdf09c2fc6d5/1165,9,0,0,,0
1747659108852,/test/flood/bdf09c2fc6d5/1166,7,0,0,,0
1747659108884,/test/flood/bdf09c2fc6d5/1167,6,0,0,,0
1747659108917,/test/flood/bdf09c2fc6d5/1168,8,0,0,,0
1747659108953,/test/flood/bdf09c2fc6d5/1169,8,0,0,,0
1747659108992,/test/flood/bdf09c2fc6d5/1170,5,0,0,,0
1747659109036,/test/flood/bdf09c2fc6d5/1171,8,0,0,,0
1747659109083,/test/flood/bdf09c2fc6d5/1172,6,0,0,,0
1747659109124,/test/flood/bdf09c2fc6d5/1173,10,0,0,,0
1747659109167,/test/flood/bdf09c2fc6d5/1174,8,0,0,,0
1747659109209,/test/flood/bdf09c2fc6d5/1175,5,0,0,,0
1747659109243,/test/flood/bdf09c2fc6d5/1176,8,0,0,,0
1747659109282,/test/flood/bdf09c2fc6d5/1177,4,0,0,,0
1747659109315,/test/flood/bdf09c2fc6d5/1178,6,0,0,,0
1747659109350,/test/flood/bdf09c2fc6d5/1179,5,0,0,,0
1747659109388,/test/flood/bdf09c2fc6d5/1180,6,0,0,,0
1747659109427,/test/flood/bdf09c2fc6d5/1181,7,0,0,,0
1747659109470,/test/flood/bdf09c2fc6d5/1182,6,0,0,,0
1747659109508,/test/flood/bdf09c2fc6d5/1183,10,0,0,,0
1747659109561,/test/flood/bdf09c2fc6d5/1184,5,0,0,,0
1747659109596,/test/flood/bdf09c2fc6d5/1185,7,0,0,,0
1747659109630,/test/flood/bdf09c2fc6d5/1186,5,0,0,,0
1747659109668,/test/flood/bdf09c2fc6d5/1187,8,0,0,,0
1747659109710,/test/flood/bdf09c2fc6d5/1188,7,0,0,,0
1747659109752,/test/flood/bdf09c2fc6d5/1189,6,0,0,,0
1747659109787,/test/flood/bdf09c2fc6d5/1190,7,0,0,,0
1747659109823,/test/flood/bdf09c2fc6d5/1191,5,0,0,,0
1747659109856,/test/flood/bdf09c2fc6d5/1192,7,0,0,,0
1747659109894,/test/flood/bdf09c2fc6d5/1193,5,0,0,,0
1747659109930,/test/flood/bdf09c2fc6d5/1194,8,0,0,,0
1747659109968,/test/flood/bdf09c2fc6d5/1195,5,0,0,,0
1747659110005,/test/flood/bdf09c2fc6d5/1196,8,0,0,,0
1747659110053,/test/flood/bdf09c2fc6d5/1197,15,0,0,,0
1747659110120,/test/flood/bdf09c2fc6d5/1198,17,0,0,,0
1747659110192,/test/flood/bdf09c2fc6d5/1199,9,0,0,,0
1747659110229,/test/flood/bdf09c2fc6d5/1200,7,0,0,,0
1747659110265,/test/flood/bdf09c2fc6d5/1201,4,0,0,,0
1747659110297,/test/flood/bdf09c2fc6d5/1202,7,0,0,,0
1747659110332,/test/flood/bdf09c2fc6d5/1203,5,0,0,,0
1747659110364,/test/flood/bdf09c2fc6d5/1204,5,0,0,,0
1747659110394,/test/flood/bdf09c2fc6d5/1205,7,0,0,,0
1747659110430,/test/flood/bdf09c2fc6d5/1206,4,0,0,,0
1747659110464,/test/flood/bdf09c2fc6d5/1207,8,0,0,,0
1747659110504,/test/flood/bdf09c2fc6d5/1208,5,0,0,,0
1747659110536,/test/flood/bdf09c2fc6d5/1209,6,0,0,,0
1747659110575,/test/flood/bdf09c2fc6d5/1210,7,0,0,,0
1747659110617,/test/flood/bdf09c2fc6d5/1211,6,0,0,,0
1747659110654,/test/flood/bdf09c2fc6d5/1212,6,0,0,,0
1747659110687,/test/flood/bdf09c2fc6d5/1213,5,0,0,,0
1747659110719,/test/flood/bdf09c2fc6d5/1214,6,0,0,,0
1747659110752,/test/flood/bdf09c2fc6d5/1215,6,0,0,,0
1747659110784,/test/flood/bdf09c2fc6d5/1216,4,0,0,,0
1747659110816,/test/flood/bdf09c2fc6d5/1217,5,0,0,,0
1747659110849,/test/flood/bdf09c2fc6d5/1218,5,0,0,,0
1747659110879,/test/flood/bdf09c2fc6d5/1219,5,0,0,,0
1747659110911,/test/flood/bdf09c2fc6d5/1220,7,0,0,,0
1747659110957,/test/flood/bdf09c2fc6d5/1221,6,0,0,,0
1747659110991,/test/flood/bdf09c2fc6d5/1222,8,0,0,,0
1747659111036,/test/flood/bdf09c2fc6d5/1223,8,0,0,,0
1747659111078,/test/flood/bdf09c2fc6d5/1224,5,0,0,,0
1747659111112,/test/flood/bdf09c2fc6d5/1225,6,0,0,,0
1747659111145,/test/flood/bdf09c2fc6d5/1226,6,0,0,,0
1747659111180,/test/flood/bdf09c2fc6d5/1227,6,0,0,,0
1747659111215,/test/flood/bdf09c2fc6d5/1228,4,0,0,,0
1747659111247,/test/flood/bdf09c2fc6d5/1229,6,0,0,,0
1747659111283,/test/flood/bdf09c2fc6d5/1230,4,0,0,,0
1747659111313,/test/flood/bdf09c2fc6d5/1231,7,0,0,,0
1747659111349,/test/flood/bdf09c2fc6d5/1232,10,0,0,,0
1747659111385,/test/flood/bdf09c2fc6d5/1233,7,0,0,,0
1747659111419,/test/flood/bdf09c2fc6d5/1234,8,0,0,,0
1747659111458,/test/flood/bdf09c2fc6d5/1235,6,0,0,,0
1747659111494,/test/flood/bdf09c2fc6d5/1236,4,0,0,,0
1747659111527,/test/flood/bdf09c2fc6d5/1237,9,0,0,,0
1747659111567,/test/flood/bdf09c2fc6d5/1238,7,0,0,,0
1747659111602,/test/flood/bdf09c2fc6d5/1239,10,0,0,,0
1747659111641,/test/flood/bdf09c2fc6d5/1240,9,0,0,,0
1747659111675,/test/flood/bdf09c2fc6d5/1241,5,0,0,,0
1747659111706,/test/flood/bdf09c2fc6d5/1242,5,0,0,,0
1747659111737,/test/flood/bdf09c2fc6d5/1243,7,0,0,,0
1747659111770,/test/flood/bdf09c2fc6d5/1244,5,0,0,,0
1747659111802,/test/flood/bdf09c2fc6d5/1245,6,0,0,,0
1747659111839,/test/flood/bdf09c2fc6d5/1246,4,0,0,,0
1747659111869,/test/flood/bdf09c2fc6d5/1247,10,0,0,,0
1747659111904,/test/flood/bdf09c2fc6d5/1248,7,0,0,,0
1747659111938,/test/flood/bdf09c2fc6d5/1249,8,0,0,,0
1747659111971,/test/flood/bdf09c2fc6d5/1250,5,0,0,,0
1747659112001,/test/flood/bdf09c2fc6d5/1251,8,0,0,,0
1747659112042,/test/flood/bdf09c2fc6d5/1252,5,0,0,,0
1747659112075,/test/flood/bdf09c2fc6d5/1253,7,0,0,,0
1747659112107,/test/flood/bdf09c2fc6d5/1254,8,0,0,,0
1747659112146,/test/flood/bdf09c2fc6d5/1255,6,0,0,,0
1747659112176,/test/flood/bdf09c2fc6d5/1256,6,0,0,,0
1747659112208,/test/flood/bdf09c2fc6d5/1257,4,0,0,,0
1747659112240,/test/flood/bdf09c2fc6d5/1258,5,0,0,,0
1747659112275,/test/flood/bdf09c2fc6d5/1259,5,0,0,,0
1747659112307,/test/flood/bdf09c2fc6d5/1260,5,0,0,,0
1747659112337,/test/flood/bdf09c2fc6d5/1261,5,0,0,,0
1747659112368,/test/flood/bdf09c2fc6d5/1262,6,0,0,,0
1747659112402,/test/flood/bdf09c2fc6d5/1263,5,0,0,,0
1747659112438,/test/flood/bdf09c2fc6d5/1264,7,0,0,,0
1747659112472,/test/flood/bdf09c2fc6d5/1265,8,0,0,,0
1747659112507,/test/flood/bdf09c2fc6d5/1266,4,0,0,,0
1747659112549,/test/flood/bdf09c2fc6d5/1267,6,0,0,,0
1747659112583,/test/flood/bdf09c2fc6d5/1268,5,0,0,,0
1747659112616,/test/flood/bdf09c2fc6d5/1269,5,0,0,,0
1747659112647,/test/flood/bdf09c2fc6d5/1270,4,0,0,,0
1747659112687,/test/flood/bdf09c2fc6d5/1271,6,0,0,,0
1747659112723,/test/flood/bdf09c2fc6d5/1272,8,0,0,,0
1747659112765,/test/flood/bdf09c2fc6d5/1273,7,0,0,,0
1747659112802,/test/flood/bdf09c2fc6d5/1274,5,0,0,,0
1747659112834,/test/flood/bdf09c2fc6d5/1275,4,0,0,,0
1747659112868,/test/flood/bdf09c2fc6d5/1276,6,0,0,,0
1747659112901,/test/flood/bdf09c2fc6d5/1277,6,0,0,,0
1747659112935,/test/flood/bdf09c2fc6d5/1278,6,0,0,,0
1747659112970,/test/flood/bdf09c2fc6d5/1279,5,0,0,,0
1747659113000,/test/flood/bdf09c2fc6d5/1280,5,0,0,,0
1747659113037,/test/flood/bdf09c2fc6d5/1281,6,0,0,,0
1747659113072,/test/flood/bdf09c2fc6d5/1282,7,0,0,,0
1747659113107,/test/flood/bdf09c2fc6d5/1283,4,0,0,,0
1747659113145,/test/flood/bdf09c2fc6d5/1284,5,0,0,,0
1747659113177,/test/flood/bdf09c2fc6d5/1285,5,0,0,,0
1747659113208,/test/flood/bdf09c2fc6d5/1286,6,0,0,,0
1747659113240,/test/flood/bdf09c2fc6d5/1287,8,0,0,,0
1747659113275,/test/flood/bdf09c2fc6d5/1288,5,0,0,,0
1747659113308,/test/flood/bdf09c2fc6d5/1289,7,0,0,,0
1747659113345,/test/flood/bdf09c2fc6d5/1290,5,0,0,,0
1747659113380,/test/flood/bdf09c2fc6d5/1291,5,0,0,,0
1747659113412,/test/flood/bdf09c2fc6d5/1292,7,0,0,,0
1747659113444,/test/flood/bdf09c2fc6d5/1293,6,0,0,,0
1747659113478,/test/flood/bdf09c2fc6d5/1294,7,0,0,,0
1747659113513,/test/flood/bdf09c2fc6d5/1295,7,0,0,,0
1747659113560,/test/flood/bdf09c2fc6d5/1296,6,0,0,,0
1747659113595,/test/flood/bdf09c2fc6d5/1297,5,0,0,,0
1747659113632,/test/flood/bdf09c2fc6d5/1298,4,0,0,,0
1747659113663,/test/flood/bdf09c2fc6d5/1299,6,0,0,,0
1747659113697,/test/flood/bdf09c2fc6d5/1300,5,0,0,,0
1747659113734,/test/flood/bdf09c2fc6d5/1301,6,0,0,,0
1747659113770,/test/flood/bdf09c2fc6d5/1302,5,0,0,,0
1747659113805,/test/flood/bdf09c2fc6d5/1303,6,0,0,,0
1747659113842,/test/flood/bdf09c2fc6d5/1304,6,0,0,,0
1747659113878,/test/flood/bdf09c2fc6d5/1305,5,0,0,,0
1747659113913,/test/flood/bdf09c2fc6d5/1306,7,0,0,,0
1747659113952,/test/flood/bdf09c2fc6d5/1307,5,0,0,,0
1747659113984,/test/flood/bdf09c2fc6d5/1308,6,0,0,,0
1747659114019,/test/flood/bdf09c2fc6d5/1309,6,0,0,,0
1747659114055,/test/flood/bdf09c2fc6d5/1310,6,0,0,,0
1747659114088,/test/flood/bdf09c2fc6d5/1311,4,0,0,,0
1747659114122,/test/flood/bdf09c2fc6d5/1312,5,0,0,,0
1747659114159,/test/flood/bdf09c2fc6d5/1313,4,0,0,,0
1747659114191,/test/flood/bdf09c2fc6d5/1314,5,0,0,,0
1747659114225,/test/flood/bdf09c2fc6d5/1315,5,0,0,,0
1747659114256,/test/flood/bdf09c2fc6d5/1316,6,0,0,,0
1747659114288,/test/flood/bdf09c2fc6d5/1317,8,0,0,,0
1747659114322,/test/flood/bdf09c2fc6d5/1318,6,0,0,,0
1747659114361,/test/flood/bdf09c2fc6d5/1319,7,0,0,,0
1747659114396,/test/flood/bdf09c2fc6d5/1320,6,0,0,,0
1747659114430,/test/flood/bdf09c2fc6d5/1321,8,0,0,,0
1747659114465,/test/flood/bdf09c2fc6d5/1322,4,0,0,,0
1747659114502,/test/flood/bdf09c2fc6d5/1323,5,0,0,,0
1747659114552,/test/flood/bdf09c2fc6d5/1324,6,0,0,,0
1747659114587,/test/flood/bdf09c2fc6d5/1325,5,0,0,,0
1747659114618,/test/flood/bdf09c2fc6d5/1326,5,0,0,,0
1747659114648,/test/flood/bdf09c2fc6d5/1327,4,0,0,,0
1747659114679,/test/flood/bdf09c2fc6d5/1328,6,0,0,,0
1747659114712,/test/flood/bdf09c2fc6d5/1329,5,0,0,,0
1747659114743,/test/flood/bdf09c2fc6d5/1330,5,0,0,,0
1747659114775,/test/flood/bdf09c2fc6d5/1331,5,0,0,,0
1747659114802,/test/flood/bdf09c2fc6d5/1332,5,0,0,,0
1747659114835,/test/flood/bdf09c2fc6d5/1333,4,0,0,,0
1747659114870,/test/flood/bdf09c2fc6d5/1334,8,0,0,,0
1747659114906,/test/flood/bdf09c2fc6d5/1335,6,0,0,,0
1747659114940,/test/flood/bdf09c2fc6d5/1336,6,0,0,,0
1747659114978,/test/flood/bdf09c2fc6d5/1337,6,0,0,,0
1747659115012,/test/flood/bdf09c2fc6d5/1338,5,0,0,,0
1747659115054,/test/flood/bdf09c2fc6d5/1339,5,0,0,,0
1747659115086,/test/flood/bdf09c2fc6d5/1340,5,0,0,,0
1747659115120,/test/flood/bdf09c2fc6d5/1341,8,0,0,,0
1747659115154,/test/flood/bdf09c2fc6d5/1342,5,0,0,,0
1747659115190,/test/flood/bdf09c2fc6d5/1343,6,0,0,,0
1747659115226,/test/flood/bdf09c2fc6d5/1344,6,0,0,,0
1747659115265,/test/flood/bdf09c2fc6d5/1345,5,0,0,,0
1747659115299,/test/flood/bdf09c2fc6d5/1346,6,0,0,,0
1747659115334,/test/flood/bdf09c2fc6d5/1347,6,0,0,,0
1747659115365,/test/flood/bdf09c2fc6d5/1348,5,0,0,,0
1747659115398,/test/flood/bdf09c2fc6d5/1349,8,0,0,,0
1747659115433,/test/flood/bdf09c2fc6d5/1350,6,0,0,,0
1747659115464,/test/flood/bdf09c2fc6d5/1351,7,0,0,,0
1747659115499,/test/flood/bdf09c2fc6d5/1352,6,0,0,,0
1747659115533,/test/flood/bdf09c2fc6d5/1353,8,0,0,,0
1747659115570,/test/flood/bdf09c2fc6d5/1354,6,0,0,,0
1747659115606,/test/flood/bdf09c2fc6d5/1355,6,0,0,,0
1747659115641,/test/flood/bdf09c2fc6d5/1356,7,0,0,,0
1747659115673,/test/flood/bdf09c2fc6d5/1357,8,0,0,,0
1747659115708,/test/flood/bdf09c2fc6d5/1358,7,0,0,,0
1747659115746,/test/flood/bdf09c2fc6d5/1359,5,0,0,,0
1747659115780,/test/flood/bdf09c2fc6d5/1360,6,0,0,,0
1747659115813,/test/flood/bdf09c2fc6d5/1361,6,0,0,,0
1747659115845,/test/flood/bdf09c2fc6d5/1362,5,0,0,,0
1747659115877,/test/flood/bdf09c2fc6d5/1363,7,0,0,,0
1747659115913,/test/flood/bdf09c2fc6d5/1364,9,0,0,,0
1747659115951,/test/flood/bdf09c2fc6d5/1365,7,0,0,,0
1747659115983,/test/flood/bdf09c2fc6d5/1366,14,0,0,,0
1747659116037,/test/flood/bdf09c2fc6d5/1367,9,0,0,,0
1747659116086,/test/flood/bdf09c2fc6d5/1368,8,0,0,,0
1747659116123,/test/flood/bdf09c2fc6d5/1369,6,0,0,,0
1747659116156,/test/flood/bdf09c2fc6d5/1370,7,0,0,,0
1747659116190,/test/flood/bdf09c2fc6d5/1371,5,0,0,,0
1747659116219,/test/flood/bdf09c2fc6d5/1372,7,0,0,,0
1747659116260,/test/flood/bdf09c2fc6d5/1373,5,0,0,,0
1747659116297,/test/flood/bdf09c2fc6d5/1374,5,0,0,,0
1747659116328,/test/flood/bdf09c2fc6d5/1375,4,0,0,,0
1747659116360,/test/flood/bdf09c2fc6d5/1376,4,0,0,,0
1747659116393,/test/flood/bdf09c2fc6d5/1377,5,0,0,,0
1747659116424,/test/flood/bdf09c2fc6d5/1378,5,0,0,,0
1747659116460,/test/flood/bdf09c2fc6d5/1379,4,0,0,,0
1747659116497,/test/flood/bdf09c2fc6d5/1380,5,0,0,,0
1747659116539,/test/flood/bdf09c2fc6d5/1381,6,0,0,,0
1747659116572,/test/flood/bdf09c2fc6d5/1382,6,0,0,,0
1747659116605,/test/flood/bdf09c2fc6d5/1383,5,0,0,,0
1747659116638,/test/flood/bdf09c2fc6d5/1384,5,0,0,,0
1747659116671,/test/flood/bdf09c2fc6d5/1385,5,0,0,,0
1747659116702,/test/flood/bdf09c2fc6d5/1386,6,0,0,,0
1747659116736,/test/flood/bdf09c2fc6d5/1387,5,0,0,,0
1747659116771,/test/flood/bdf09c2fc6d5/1388,5,0,0,,0
1747659116801,/test/flood/bdf09c2fc6d5/1389,5,0,0,,0
1747659116833,/test/flood/bdf09c2fc6d5/1390,6,0,0,,0
1747659116918,/test/flood/bdf09c2fc6d5/1391,19,0,0,,0
1747659116977,/test/flood/bdf09c2fc6d5/1392,6,0,0,,0
1747659117016,/test/flood/bdf09c2fc6d5/1393,15,0,0,,0
1747659117064,/test/flood/bdf09c2fc6d5/1394,6,0,0,,0
1747659117099,/test/flood/bdf09c2fc6d5/1395,5,0,0,,0
1747659117132,/test/flood/bdf09c2fc6d5/1396,7,0,0,,0
1747659117171,/test/flood/bdf09c2fc6d5/1397,6,0,0,,0
1747659117214,/test/flood/bdf09c2fc6d5/1398,6,0,0,,0
1747659117261,/test/flood/bdf09c2fc6d5/1399,6,0,0,,0
1747659117296,/test/flood/bdf09c2fc6d5/1400,5,0,0,,0
1747659117326,/test/flood/bdf09c2fc6d5/1401,7,0,0,,0
1747659117361,/test/flood/bdf09c2fc6d5/1402,5,0,0,,0
1747659117395,/test/flood/bdf09c2fc6d5/1403,5,0,0,,0
1747659117428,/test/flood/bdf09c2fc6d5/1404,5,0,0,,0
1747659117461,/test/flood/bdf09c2fc6d5/1405,5,0,0,,0
1747659117490,/test/flood/bdf09c2fc6d5/1406,8,0,0,,0
1747659117528,/test/flood/bdf09c2fc6d5/1407,7,0,0,,0
1747659117570,/test/flood/bdf09c2fc6d5/1408,5,0,0,,0
1747659117602,/test/flood/bdf09c2fc6d5/1409,7,0,0,,0
1747659117638,/test/flood/bdf09c2fc6d5/1410,4,0,0,,0
1747659117669,/test/flood/bdf09c2fc6d5/1411,5,0,0,,0
1747659117706,/test/flood/bdf09c2fc6d5/1412,5,0,0,,0
1747659117740,/test/flood/bdf09c2fc6d5/1413,5,0,0,,0
1747659117771,/test/flood/bdf09c2fc6d5/1414,6,0,0,,0
1747659117807,/test/flood/bdf09c2fc6d5/1415,6,0,0,,0
1747659117843,/test/flood/bdf09c2fc6d5/1416,7,0,0,,0
1747659117882,/test/flood/bdf09c2fc6d5/1417,5,0,0,,0
1747659117916,/test/flood/bdf09c2fc6d5/1418,5,0,0,,0
1747659117952,/test/flood/bdf09c2fc6d5/1419,6,0,0,,0
1747659117982,/test/flood/bdf09c2fc6d5/1420,6,0,0,,0
1747659118013,/test/flood/bdf09c2fc6d5/1421,5,0,0,,0
1747659118053,/test/flood/bdf09c2fc6d5/1422,5,0,0,,0
1747659118082,/test/flood/bdf09c2fc6d5/1423,5,0,0,,0
1747659118114,/test/flood/bdf09c2fc6d5/1424,5,0,0,,0
1747659118143,/test/flood/bdf09c2fc6d5/1425,5,0,0,,0
1747659118176,/test/flood/bdf09c2fc6d5/1426,6,0,0,,0
1747659118209,/test/flood/bdf09c2fc6d5/1427,5,0,0,,0
1747659118250,/test/flood/bdf09c2fc6d5/1428,6,0,0,,0
1747659118286,/test/flood/bdf09c2fc6d5/1429,5,0,0,,0
1747659118319,/test/flood/bdf09c2fc6d5/1430,6,0,0,,0
1747659118356,/test/flood/bdf09c2fc6d5/1431,5,0,0,,0
1747659118390,/test/flood/bdf09c2fc6d5/1432,6,0,0,,0
1747659118429,/test/flood/bdf09c2fc6d5/1433,4,0,0,,0
1747659118466,/test/flood/bdf09c2fc6d5/1434,5,0,0,,0
1747659118495,/test/flood/bdf09c2fc6d5/1435,6,0,0,,0
1747659118526,/test/flood/bdf09c2fc6d5/1436,9,0,0,,0
1747659118562,/test/flood/bdf09c2fc6d5/1437,4,0,0,,0
1747659118598,/test/flood/bdf09c2fc6d5/1438,7,0,0,,0
1747659118635,/test/flood/bdf09c2fc6d5/1439,5,0,0,,0
1747659118669,/test/flood/bdf09c2fc6d5/1440,6,0,0,,0
1747659118702,/test/flood/bdf09c2fc6d5/1441,5,0,0,,0
1747659118733,/test/flood/bdf09c2fc6d5/1442,5,0,0,,0
1747659118763,/test/flood/bdf09c2fc6d5/1443,5,0,0,,0
1747659118794,/test/flood/bdf09c2fc6d5/1444,5,0,0,,0
1747659118824,/test/flood/bdf09c2fc6d5/1445,5,0,0,,0
1747659118853,/test/flood/bdf09c2fc6d5/1446,5,0,0,,0
1747659118886,/test/flood/bdf09c2fc6d5/1447,4,0,0,,0
1747659118917,/test/flood/bdf09c2fc6d5/1448,5,0,0,,0
1747659118948,/test/flood/bdf09c2fc6d5/1449,6,0,0,,0
1747659118982,/test/flood/bdf09c2fc6d5/1450,5,0,0,,0
1747659119014,/test/flood/bdf09c2fc6d5/1451,5,0,0,,0
1747659119052,/test/flood/bdf09c2fc6d5/1452,7,0,0,,0
1747659119085,/test/flood/bdf09c2fc6d5/1453,4,0,0,,0
1747659119115,/test/flood/bdf09c2fc6d5/1454,4,0,0,,0
1747659119149,/test/flood/bdf09c2fc6d5/1455,5,0,0,,0
1747659119181,/test/flood/bdf09c2fc6d5/1456,5,0,0,,0
1747659119218,/test/flood/bdf09c2fc6d5/1457,4,0,0,,0
1747659119245,/test/flood/bdf09c2fc6d5/1458,4,0,0,,0
1747659119278,/test/flood/bdf09c2fc6d5/1459,5,0,0,,0
1747659119317,/test/flood/bdf09c2fc6d5/1460,7,0,0,,0
1747659119357,/test/flood/bdf09c2fc6d5/1461,6,0,0,,0
1747659119392,/test/flood/bdf09c2fc6d5/1462,5,0,0,,0
1747659119429,/test/flood/bdf09c2fc6d5/1463,5,0,0,,0
1747659119459,/test/flood/bdf09c2fc6d5/1464,5,0,0,,0
1747659119497,/test/flood/bdf09c2fc6d5/1465,4,0,0,,0
1747659119528,/test/flood/bdf09c2fc6d5/1466,9,0,0,,0
1747659119572,/test/flood/bdf09c2fc6d5/1467,6,0,0,,0
1747659119603,/test/flood/bdf09c2fc6d5/1468,6,0,0,,0
1747659119641,/test/flood/bdf09c2fc6d5/1469,7,0,0,,0
1747659119674,/test/flood/bdf09c2fc6d5/1470,6,0,0,,0
1747659119705,/test/flood/bdf09c2fc6d5/1471,8,0,0,,0
1747659119739,/test/flood/bdf09c2fc6d5/1472,5,0,0,,0
1747659119773,/test/flood/bdf09c2fc6d5/1473,5,0,0,,0
1747659119803,/test/flood/bdf09c2fc6d5/1474,5,0,0,,0
1747659119835,/test/flood/bdf09c2fc6d5/1475,7,0,0,,0
1747659119872,/test/flood/bdf09c2fc6d5/1476,7,0,0,,0
1747659119911,/test/flood/bdf09c2fc6d5/1477,7,0,0,,0
1747659119944,/test/flood/bdf09c2fc6d5/1478,6,0,0,,0
1747659119974,/test/flood/bdf09c2fc6d5/1479,6,0,0,,0
1747659120005,/test/flood/bdf09c2fc6d5/1480,6,0,0,,0
1747659120052,/test/flood/bdf09c2fc6d5/1481,4,0,0,,0
1747659120087,/test/flood/bdf09c2fc6d5/1482,5,0,0,,0
1747659120122,/test/flood/bdf09c2fc6d5/1483,4,0,0,,0
1747659120152,/test/flood/bdf09c2fc6d5/1484,5,0,0,,0
1747659120182,/test/flood/bdf09c2fc6d5/1485,5,0,0,,0
1747659120216,/test/flood/bdf09c2fc6d5/1486,6,0,0,,0
1747659120254,/test/flood/bdf09c2fc6d5/1487,5,0,0,,0
1747659120291,/test/flood/bdf09c2fc6d5/1488,4,0,0,,0
1747659120320,/test/flood/bdf09c2fc6d5/1489,5,0,0,,0
1747659120352,/test/flood/bdf09c2fc6d5/1490,7,0,0,,0
1747659120385,/test/flood/bdf09c2fc6d5/1491,6,0,0,,0
1747659120418,/test/flood/bdf09c2fc6d5/1492,6,0,0,,0
1747659120449,/test/flood/bdf09c2fc6d5/1493,5,0,0,,0
1747659120483,/test/flood/bdf09c2fc6d5/1494,7,0,0,,0
1747659120514,/test/flood/bdf09c2fc6d5/1495,4,0,0,,0
1747659120556,/test/flood/bdf09c2fc6d5/1496,6,0,0,,0
1747659120590,/test/flood/bdf09c2fc6d5/1497,5,0,0,,0
1747659120621,/test/flood/bdf09c2fc6d5/1498,8,0,0,,0
1747659120653,/test/flood/bdf09c2fc6d5/1499,5,0,0,,0
1747659120687,/test/flood/bdf09c2fc6d5/1500,5,0,0,,0
1747659120720,/test/flood/bdf09c2fc6d5/1501,5,0,0,,0
1747659120752,/test/flood/bdf09c2fc6d5/1502,6,0,0,,0
1747659120786,/test/flood/bdf09c2fc6d5/1503,5,0,0,,0
1747659120819,/test/flood/bdf09c2fc6d5/1504,7,0,0,,0
1747659120860,/test/flood/bdf09c2fc6d5/1505,5,0,0,,0
1747659120892,/test/flood/bdf09c2fc6d5/1506,5,0,0,,0
1747659120925,/test/flood/bdf09c2fc6d5/1507,5,0,0,,0
1747659120959,/test/flood/bdf09c2fc6d5/1508,5,0,0,,0
1747659120992,/test/flood/bdf09c2fc6d5/1509,6,0,0,,0
1747659121028,/test/flood/bdf09c2fc6d5/1510,8,0,0,,0
1747659121068,/test/flood/bdf09c2fc6d5/1511,7,0,0,,0
1747659121105,/test/flood/bdf09c2fc6d5/1512,10,0,0,,0
1747659121151,/test/flood/bdf09c2fc6d5/1513,5,0,0,,0
1747659121186,/test/flood/bdf09c2fc6d5/1514,6,0,0,,0
1747659121222,/test/flood/bdf09c2fc6d5/1515,7,0,0,,0
1747659121258,/test/flood/bdf09c2fc6d5/1516,6,0,0,,0
1747659121292,/test/flood/bdf09c2fc6d5/1517,6,0,0,,0
1747659121328,/test/flood/bdf09c2fc6d5/1518,9,0,0,,0
1747659121366,/test/flood/bdf09c2fc6d5/1519,6,0,0,,0
1747659121403,/test/flood/bdf09c2fc6d5/1520,8,0,0,,0
1747659121439,/test/flood/bdf09c2fc6d5/1521,8,0,0,,0
1747659121475,/test/flood/bdf09c2fc6d5/1522,5,0,0,,0
1747659121510,/test/flood/bdf09c2fc6d5/1523,7,0,0,,0
1747659121554,/test/flood/bdf09c2fc6d5/1524,7,0,0,,0
1747659121590,/test/flood/bdf09c2fc6d5/1525,7,0,0,,0
1747659121637,/test/flood/bdf09c2fc6d5/1526,7,0,0,,0
1747659121673,/test/flood/bdf09c2fc6d5/1527,6,0,0,,0
1747659121706,/test/flood/bdf09c2fc6d5/1528,5,0,0,,0
1747659121737,/test/flood/bdf09c2fc6d5/1529,6,0,0,,0
1747659121770,/test/flood/bdf09c2fc6d5/1530,6,0,0,,0
1747659121804,/test/flood/bdf09c2fc6d5/1531,4,0,0,,0
1747659121834,/test/flood/bdf09c2fc6d5/1532,4,0,0,,0
1747659121868,/test/flood/bdf09c2fc6d5/1533,7,0,0,,0
1747659121903,/test/flood/bdf09c2fc6d5/1534,5,0,0,,0
1747659121935,/test/flood/bdf09c2fc6d5/1535,4,0,0,,0
1747659121966,/test/flood/bdf09c2fc6d5/1536,4,0,0,,0
1747659122001,/test/flood/bdf09c2fc6d5/1537,6,0,0,,0
1747659122039,/test/flood/bdf09c2fc6d5/1538,4,0,0,,0
1747659122073,/test/flood/bdf09c2fc6d5/1539,4,0,0,,0
1747659122104,/test/flood/bdf09c2fc6d5/1540,5,0,0,,0
1747659122140,/test/flood/bdf09c2fc6d5/1541,5,0,0,,0
1747659122172,/test/flood/bdf09c2fc6d5/1542,5,0,0,,0
1747659122204,/test/flood/bdf09c2fc6d5/1543,8,0,0,,0
1747659122237,/test/flood/bdf09c2fc6d5/1544,7,0,0,,0
1747659122273,/test/flood/bdf09c2fc6d5/1545,5,0,0,,0
1747659122307,/test/flood/bdf09c2fc6d5/1546,6,0,0,,0
1747659122341,/test/flood/bdf09c2fc6d5/1547,4,0,0,,0
1747659122375,/test/flood/bdf09c2fc6d5/1548,7,0,0,,0
1747659122414,/test/flood/bdf09c2fc6d5/1549,5,0,0,,0
1747659122449,/test/flood/bdf09c2fc6d5/1550,5,0,0,,0
1747659122477,/test/flood/bdf09c2fc6d5/1551,5,0,0,,0
1747659122509,/test/flood/bdf09c2fc6d5/1552,5,0,0,,0
1747659122542,/test/flood/bdf09c2fc6d5/1553,6,0,0,,0
1747659122576,/test/flood/bdf09c2fc6d5/1554,5,0,0,,0
1747659122607,/test/flood/bdf09c2fc6d5/1555,6,0,0,,0
1747659122642,/test/flood/bdf09c2fc6d5/1556,5,0,0,,0
1747659122677,/test/flood/bdf09c2fc6d5/1557,6,0,0,,0
1747659122710,/test/flood/bdf09c2fc6d5/1558,6,0,0,,0
1747659122743,/test/flood/bdf09c2fc6d5/1559,6,0,0,,0
1747659122775,/test/flood/bdf09c2fc6d5/1560,7,0,0,,0
1747659122811,/test/flood/bdf09c2fc6d5/1561,6,0,0,,0
1747659122844,/test/flood/bdf09c2fc6d5/1562,4,0,0,,0
1747659122876,/test/flood/bdf09c2fc6d5/1563,5,0,0,,0
1747659122907,/test/flood/bdf09c2fc6d5/1564,4,0,0,,0
1747659122942,/test/flood/bdf09c2fc6d5/1565,5,0,0,,0
1747659122975,/test/flood/bdf09c2fc6d5/1566,5,0,0,,0
1747659123006,/test/flood/bdf09c2fc6d5/1567,4,0,0,,0
1747659123039,/test/flood/bdf09c2fc6d5/1568,6,0,0,,0
1747659123075,/test/flood/bdf09c2fc6d5/1569,5,0,0,,0
1747659123109,/test/flood/bdf09c2fc6d5/1570,6,0,0,,0
1747659123144,/test/flood/bdf09c2fc6d5/1571,6,0,0,,0
1747659123174,/test/flood/bdf09c2fc6d5/1572,4,0,0,,0
1747659123215,/test/flood/bdf09c2fc6d5/1573,6,0,0,,0
1747659123260,/test/flood/bdf09c2fc6d5/1574,5,0,0,,0
1747659123294,/test/flood/bdf09c2fc6d5/1575,6,0,0,,0
1747659123326,/test/flood/bdf09c2fc6d5/1576,5,0,0,,0
1747659123360,/test/flood/bdf09c2fc6d5/1577,7,0,0,,0
1747659123393,/test/flood/bdf09c2fc6d5/1578,5,0,0,,0
1747659123427,/test/flood/bdf09c2fc6d5/1579,6,0,0,,0
1747659123465,/test/flood/bdf09c2fc6d5/1580,4,0,0,,0
1747659123493,/test/flood/bdf09c2fc6d5/1581,7,0,0,,0
1747659123529,/test/flood/bdf09c2fc6d5/1582,7,0,0,,0
1747659123564,/test/flood/bdf09c2fc6d5/1583,5,0,0,,0
1747659123598,/test/flood/bdf09c2fc6d5/1584,4,0,0,,0
1747659123629,/test/flood/bdf09c2fc6d5/1585,5,0,0,,0
1747659123662,/test/flood/bdf09c2fc6d5/1586,24,0,0,,0
1747659123783,/test/flood/bdf09c2fc6d5/1587,7,0,0,,0
1747659123821,/test/flood/bdf09c2fc6d5/1588,6,0,0,,0
1747659123861,/test/flood/bdf09c2fc6d5/1589,7,0,0,,0
1747659123894,/test/flood/bdf09c2fc6d5/1590,5,0,0,,0
1747659123924,/test/flood/bdf09c2fc6d5/1591,6,0,0,,0
1747659123958,/test/flood/bdf09c2fc6d5/1592,4,0,0,,0
1747659123990,/test/flood/bdf09c2fc6d5/1593,5,0,0,,0
1747659124020,/test/flood/bdf09c2fc6d5/1594,5,0,0,,0
1747659124055,/test/flood/bdf09c2fc6d5/1595,4,0,0,,0
1747659124087,/test/flood/bdf09c2fc6d5/1596,4,0,0,,0
1747659124118,/test/flood/bdf09c2fc6d5/1597,6,0,0,,0
1747659124150,/test/flood/bdf09c2fc6d5/1598,5,0,0,,0
1747659124183,/test/flood/bdf09c2fc6d5/1599,4,0,0,,0
1747659124218,/test/flood/bdf09c2fc6d5/1600,6,0,0,,0
1747659124253,/test/flood/bdf09c2fc6d5/1601,5,0,0,,0
1747659124292,/test/flood/bdf09c2fc6d5/1602,5,0,0,,0
1747659124325,/test/flood/bdf09c2fc6d5/1603,6,0,0,,0
1747659124361,/test/flood/bdf09c2fc6d5/1604,5,0,0,,0
1747659124391,/test/flood/bdf09c2fc6d5/1605,5,0,0,,0
1747659124426,/test/flood/bdf09c2fc6d5/1606,6,0,0,,0
1747659124461,/test/flood/bdf09c2fc6d5/1607,6,0,0,,0
1747659124494,/test/flood/bdf09c2fc6d5/1608,4,0,0,,0
1747659124523,/test/flood/bdf09c2fc6d5/1609,6,0,0,,0
1747659124562,/test/flood/bdf09c2fc6d5/1610,5,0,0,,0
1747659124593,/test/flood/bdf09c2fc6d5/1611,5,0,0,,0
1747659124626,/test/flood/bdf09c2fc6d5/1612,6,0,0,,0
1747659124665,/test/flood/bdf09c2fc6d5/1613,6,0,0,,0
1747659124696,/test/flood/bdf09c2fc6d5/1614,5,0,0,,0
1747659124728,/test/flood/bdf09c2fc6d5/1615,7,0,0,,0
1747659124761,/test/flood/bdf09c2fc6d5/1616,6,0,0,,0
1747659124791,/test/flood/bdf09c2fc6d5/1617,7,0,0,,0
1747659124825,/test/flood/bdf09c2fc6d5/1618,5,0,0,,0
1747659124859,/test/flood/bdf09c2fc6d5/1619,6,0,0,,0
1747659124893,/test/flood/bdf09c2fc6d5/1620,5,0,0,,0
1747659124933,/test/flood/bdf09c2fc6d5/1621,6,0,0,,0
1747659124970,/test/flood/bdf09c2fc6d5/1622,5,0,0,,0
1747659125006,/test/flood/bdf09c2fc6d5/1623,7,0,0,,0
1747659125047,/test/flood/bdf09c2fc6d5/1624,6,0,0,,0
1747659125083,/test/flood/bdf09c2fc6d5/1625,5,0,0,,0
1747659125117,/test/flood/bdf09c2fc6d5/1626,7,0,0,,0
1747659125150,/test/flood/bdf09c2fc6d5/1627,5,0,0,,0
1747659125180,/test/flood/bdf09c2fc6d5/1628,4,0,0,,0
1747659125211,/test/flood/bdf09c2fc6d5/1629,5,0,0,,0
1747659125248,/test/flood/bdf09c2fc6d5/1630,5,0,0,,0
1747659125279,/test/flood/bdf09c2fc6d5/1631,6,0,0,,0
1747659125311,/test/flood/bdf09c2fc6d5/1632,6,0,0,,0
1747659125347,/test/flood/bdf09c2fc6d5/1633,6,0,0,,0
1747659125378,/test/flood/bdf09c2fc6d5/1634,6,0,0,,0
1747659125410,/test/flood/bdf09c2fc6d5/1635,6,0,0,,0
1747659125446,/test/flood/bdf09c2fc6d5/1636,7,0,0,,0
1747659125480,/test/flood/bdf09c2fc6d5/1637,5,0,0,,0
1747659125511,/test/flood/bdf09c2fc6d5/1638,6,0,0,,0
1747659125551,/test/flood/bdf09c2fc6d5/1639,5,0,0,,0
1747659125584,/test/flood/bdf09c2fc6d5/1640,6,0,0,,0
1747659125619,/test/flood/bdf09c2fc6d5/1641,5,0,0,,0
1747659125653,/test/flood/bdf09c2fc6d5/1642,5,0,0,,0
1747659125689,/test/flood/bdf09c2fc6d5/1643,5,0,0,,0
1747659125722,/test/flood/bdf09c2fc6d5/1644,6,0,0,,0
1747659125758,/test/flood/bdf09c2fc6d5/1645,5,0,0,,0
1747659125791,/test/flood/bdf09c2fc6d5/1646,6,0,0,,0
1747659125821,/test/flood/bdf09c2fc6d5/1647,5,0,0,,0
1747659125852,/test/flood/bdf09c2fc6d5/1648,6,0,0,,0
1747659125884,/test/flood/bdf09c2fc6d5/1649,5,0,0,,0
1747659125917,/test/flood/bdf09c2fc6d5/1650,6,0,0,,0
1747659125949,/test/flood/bdf09c2fc6d5/1651,6,0,0,,0
1747659125980,/test/flood/bdf09c2fc6d5/1652,5,0,0,,0
1747659126022,/test/flood/bdf09c2fc6d5/1653,7,0,0,,0
1747659126066,/test/flood/bdf09c2fc6d5/1654,8,0,0,,0
1747659126104,/test/flood/bdf09c2fc6d5/1655,6,0,0,,0
1747659126140,/test/flood/bdf09c2fc6d5/1656,7,0,0,,0
1747659126175,/test/flood/bdf09c2fc6d5/1657,7,0,0,,0
1747659126206,/test/flood/bdf09c2fc6d5/1658,5,0,0,,0
1747659126239,/test/flood/bdf09c2fc6d5/1659,5,0,0,,0
1747659126272,/test/flood/bdf09c2fc6d5/1660,5,0,0,,0
1747659126308,/test/flood/bdf09c2fc6d5/1661,5,0,0,,0
1747659126345,/test/flood/bdf09c2fc6d5/1662,5,0,0,,0
1747659126378,/test/flood/bdf09c2fc6d5/1663,5,0,0,,0
1747659126418,/test/flood/bdf09c2fc6d5/1664,4,0,0,,0
1747659126452,/test/flood/bdf09c2fc6d5/1665,5,0,0,,0
1747659126487,/test/flood/bdf09c2fc6d5/1666,5,0,0,,0
1747659126521,/test/flood/bdf09c2fc6d5/1667,6,0,0,,0
1747659126562,/test/flood/bdf09c2fc6d5/1668,7,0,0,,0
1747659126595,/test/flood/bdf09c2fc6d5/1669,6,0,0,,0
1747659126631,/test/flood/bdf09c2fc6d5/1670,6,0,0,,0
1747659126662,/test/flood/bdf09c2fc6d5/1671,7,0,0,,0
1747659126697,/test/flood/bdf09c2fc6d5/1672,4,0,0,,0
1747659126724,/test/flood/bdf09c2fc6d5/1673,6,0,0,,0
1747659126756,/test/flood/bdf09c2fc6d5/1674,5,0,0,,0
1747659126789,/test/flood/bdf09c2fc6d5/1675,5,0,0,,0
1747659126825,/test/flood/bdf09c2fc6d5/1676,8,0,0,,0
1747659126863,/test/flood/bdf09c2fc6d5/1677,4,0,0,,0
1747659126894,/test/flood/bdf09c2fc6d5/1678,6,0,0,,0
1747659126928,/test/flood/bdf09c2fc6d5/1679,6,0,0,,0
1747659126959,/test/flood/bdf09c2fc6d5/1680,6,0,0,,0
1747659126996,/test/flood/bdf09c2fc6d5/1681,5,0,0,,0
